block,family,method,rmse_3d,heading_rmse_deg,applied_control_cost,solver_deadline_miss_step_fraction
seen,actuator_delay_noise,constant_alpha,0.05633683196271709,7.707882447224724,28.157696661348506,0.01361904761904762
seen,actuator_delay_noise,mpc,0.08942892215682913,7.948800897421998,37.013395274351936,0.02085714285714286
seen,actuator_delay_noise,residual_rl,0.05584898902858508,7.660770134314638,27.414907824992255,0.014038095238095238
seen,actuator_delay_noise,smc,0.14162434477340408,7.453200744285601,26.638420272804996,0.019333333333333334
seen,actuator_delay_noise,sspo,0.07390198138043466,8.226349277267946,34.77296683302116,0.018571428571428572
seen,actuator_delay_noise,v3_transformer,0.06911414475071441,8.026921398312856,34.15244930817094,0.015314285714285714
seen,actuator_delay_noise,wm_hybrid,0.06925270523877536,8.023479001684223,34.108819338296186,0.012533333333333334
seen,actuator_delay_noise,wm_residual_rl,0.05655748644742421,7.67246772745382,27.38924438290573,0.011352380952380952
seen,colored_noise,constant_alpha,0.0560318781871443,7.683070279542551,18.63969516602373,0.0980952380952381
seen,colored_noise,mpc,0.059701248950849606,6.918821084639369,18.818070424921153,0.07238095238095238
seen,colored_noise,residual_rl,0.05549816711666132,7.672393967685188,18.622678276200148,0.07167619047619048
seen,colored_noise,smc,0.16807596255455917,7.673893659553167,19.23185532745999,0.08228571428571428
seen,colored_noise,sspo,0.050689681723142824,7.575237002252523,18.734731437570414,0.09704761904761905
seen,colored_noise,v3_transformer,0.05062008563970632,7.424412410346451,18.796312579265045,0.08219047619047619
seen,colored_noise,wm_hybrid,0.05065713900467294,7.419055175072336,18.800189957164278,0.06704761904761905
seen,colored_noise,wm_residual_rl,0.05603266787241554,7.684387927738627,18.62033592958533,0.08586666666666666
seen,mass_damping_mismatch,constant_alpha,0.07043865168746605,7.528996306308247,39.12807135786866,0.06104761904761905
seen,mass_damping_mismatch,mpc,0.07054794779765258,7.081130783272947,39.502320434375676,0.040095238095238094
seen,mass_damping_mismatch,residual_rl,0.0706502140849661,7.520525818617524,39.049742316332306,0.04744761904761905
seen,mass_damping_mismatch,smc,0.15498658723517628,7.251916817938584,37.98398256675618,0.05857142857142857
seen,mass_damping_mismatch,sspo,0.06408608877895712,7.278197226520649,39.28847519543002,0.04904761904761905
seen,mass_damping_mismatch,v3_transformer,0.0654644112230645,7.042350359164601,39.238403084980085,0.05912380952380952
seen,mass_damping_mismatch,wm_hybrid,0.06552688070002896,7.032279061607239,39.241237932198324,0.04554285714285714
seen,mass_damping_mismatch,wm_residual_rl,0.07088007117888233,7.529906283489755,39.055215426348916,0.06188571428571429
seen,ou_current,constant_alpha,0.055042586091153686,7.701735402990697,19.794936934784918,0.06371428571428572
seen,ou_current,mpc,0.05935126303031811,6.918974206983506,19.965312463952422,0.06666666666666667
seen,ou_current,residual_rl,0.05460926795421643,7.691205758125904,19.77371310662062,0.07139047619047618
seen,ou_current,smc,0.16399095812907444,7.456794128036182,20.07503293879786,0.05485714285714286
seen,ou_current,sspo,0.04962550939926286,7.6044957483375395,19.85174499456836,0.05619047619047619
seen,ou_current,v3_transformer,0.04906302922493366,7.418300203776619,19.920809131184473,0.06695238095238096
seen,ou_current,wm_hybrid,0.04910736772214182,7.415254158684648,19.92355975666785,0.07742857142857143
seen,ou_current,wm_residual_rl,0.05519766100576578,7.703821228521597,19.769956410792112,0.08939047619047619
seen,random_freq_amp,constant_alpha,0.18235661410378587,9.101057034336558,41.134666973181616,0.06133333333333333
seen,random_freq_amp,mpc,0.183948671951193,8.772591478116857,41.36952044906822,0.09580952380952382
seen,random_freq_amp,residual_rl,0.1824262365773405,9.074196227270775,41.11175128712878,0.0642095238095238
seen,random_freq_amp,smc,0.3737710143178479,12.825337254976606,44.0426499607876,0.08847619047619047
seen,random_freq_amp,sspo,0.18139766829565335,8.86389362862343,41.181042403534875,0.08428571428571428
seen,random_freq_amp,v3_transformer,0.2078809897360262,7.895362772786989,40.76435256433039,0.06539047619047618
seen,random_freq_amp,wm_hybrid,0.20786358547222733,7.881509246469953,40.76588013949738,0.07963809523809524
seen,random_freq_amp,wm_residual_rl,0.18263179716673028,9.08462118272175,41.11352833959856,0.06281904761904762
seen,structured,constant_alpha,0.0587291601463341,7.544101691199227,31.978447442129145,0.22006349206349204
seen,structured,mpc,0.06132434047584992,6.928663644951454,32.22517478358656,0.22582539682539682
seen,structured,residual_rl,0.05900724807565234,7.525495471032256,31.925295358552486,0.2611888888888889
seen,structured,smc,0.1460397831383902,7.261429580541983,31.088267444999932,0.2234920634920635
seen,structured,sspo,0.05281129280057372,7.370422679197547,32.089637151495445,0.22262698412698415
seen,structured,v3_transformer,0.05313407745960535,7.2285810581876,32.09116787157065,0.21952222222222223
seen,structured,wm_hybrid,0.053185309447944695,7.224528314515038,32.09139239553074,0.22351904761904762
seen,structured,wm_residual_rl,0.0595479796088557,7.548952491073448,31.923968483028922,0.2881968253968254
unseen,actuator_delay_noise,constant_alpha,0.124828031053035,11.852765145468274,38.60192209556108,1.0
unseen,actuator_delay_noise,mpc,0.822269432067468,20.999254118455255,56.92434602818029,1.0
unseen,actuator_delay_noise,residual_rl,0.0900473135731178,10.558680981790529,34.86074125383686,1.0
unseen,actuator_delay_noise,smc,0.15613647442364512,8.583996179923641,28.09421075710024,1.0
unseen,actuator_delay_noise,sspo,0.25197832626549566,15.998368115861481,46.80017161825418,1.0
unseen,actuator_delay_noise,v3_transformer,0.2950484689077568,14.974150590198846,43.68641718183659,1.0
unseen,actuator_delay_noise,wm_hybrid,0.27426052677054935,14.99333000029569,43.763989782412224,1.0
unseen,actuator_delay_noise,wm_residual_rl,0.09704199415024581,11.007779513873972,35.30405755045473,1.0
unseen,colored_noise,constant_alpha,0.06468938346962701,7.7500127117757955,26.4796411834566,0.013523809523809525
unseen,colored_noise,mpc,0.06733723389772425,6.827416463456984,26.76527178814,0.01361904761904762
unseen,colored_noise,residual_rl,0.06449260586258622,7.779989105613169,26.452719788165997,0.6038666666666667
unseen,colored_noise,smc,0.18834251947017852,8.885464123649314,27.251489412108015,0.013142857142857145
unseen,colored_noise,sspo,0.06103441758786347,7.5790433523543586,26.654192230867828,0.012571428571428572
unseen,colored_noise,v3_transformer,0.06123377520731942,7.401545643551077,26.763569428095987,0.013047619047619047
unseen,colored_noise,wm_hybrid,0.06169726325937286,7.395562236319762,26.786543708232227,0.5026857142857143
unseen,colored_noise,wm_residual_rl,0.0649736112008524,7.771740839829184,26.46567567095665,0.6053333333333333
unseen,estimation_delay,constant_alpha,0.07012047705906996,7.489504229228419,39.11669101096808,1.0
unseen,estimation_delay,mpc,0.0699410694764657,7.122822389710578,39.45309022247936,1.0
unseen,estimation_delay,residual_rl,0.07049344297456653,7.443375043100406,39.05152029432729,1.0
unseen,estimation_delay,smc,0.15307940208687829,7.200740328604394,38.17270848464513,1.0
unseen,estimation_delay,sspo,0.06488531608838273,7.093902357191018,39.33015869425944,1.0
unseen,estimation_delay,v3_transformer,0.06482495810440866,6.967555856029447,39.315091922615515,1.0
unseen,estimation_delay,wm_hybrid,0.0660553126142784,6.904464045122415,39.349730023512876,1.0
unseen,estimation_delay,wm_residual_rl,0.07049247453800689,7.485128949421809,39.055604822136154,1.0
unseen,fast_ou,constant_alpha,0.060679312252787235,7.779858522055937,19.123182995140503,1.0
unseen,fast_ou,mpc,0.06459326182411376,7.003422626207424,19.31094025706371,1.0
unseen,fast_ou,residual_rl,0.060265622485761686,7.757095893731845,19.09825099503638,1.0
unseen,fast_ou,smc,0.17216339264196096,7.814670332219919,19.710195486308344,1.0
unseen,fast_ou,sspo,0.055913515848309545,7.662543953528423,19.198851854141626,1.0
unseen,fast_ou,v3_transformer,0.056120221488003434,7.452217308546477,19.291912951420255,1.0
unseen,fast_ou,wm_hybrid,0.05631407965936949,7.423269087333085,19.310495106251256,1.0
unseen,fast_ou,wm_residual_rl,0.060780035016418515,7.758488082756361,19.09697269774816,0.9999238095238095
unseen,mass_damping_mismatch,constant_alpha,0.06576574078443245,7.368570750147586,31.781711801195467,1.0
unseen,mass_damping_mismatch,mpc,0.06434509544955583,7.023996652827274,32.020559468697094,1.0
unseen,mass_damping_mismatch,residual_rl,0.06939769609817377,7.323494156866279,31.806086269786356,1.0
unseen,mass_damping_mismatch,smc,0.18923466932880267,8.12075377766836,31.839400926405553,1.0
unseen,mass_damping_mismatch,sspo,0.060265436539958105,7.145393847420945,31.890934064341526,1.0
unseen,mass_damping_mismatch,v3_transformer,0.06363883678327112,6.8669160191865295,31.990939783373165,1.0
unseen,mass_damping_mismatch,wm_hybrid,0.06292804508395246,6.876650838402056,31.97705707935897,1.0
unseen,mass_damping_mismatch,wm_residual_rl,0.06715295031207226,7.334837795465596,31.767019597354523,1.0
unseen,ou_current,constant_alpha,0.0613906244313958,7.6980962427315776,23.098122541222118,0.010952380952380953
unseen,ou_current,mpc,0.06480154012713878,6.823659500955502,23.353005961890073,0.011904761904761904
unseen,ou_current,residual_rl,0.06104528020158571,7.683662175143439,23.07160151481688,0.011466666666666667
unseen,ou_current,smc,0.1648724576439775,7.86058206476968,23.48834083682606,0.009714285714285713
unseen,ou_current,sspo,0.05645904722916929,7.551703782571318,23.216761129991898,0.01019047619047619
unseen,ou_current,v3_transformer,0.056547564990991006,7.37215847829065,23.296254885948652,0.012495238095238094
unseen,ou_current,wm_hybrid,0.05659976784623686,7.364318683607281,23.301261693521948,0.011828571428571428
unseen,ou_current,wm_residual_rl,0.06174234851268511,7.69901594342159,23.06827739233026,0.010914285714285715
unseen,random_freq_amp,constant_alpha,0.39545575000552585,10.655908520445111,48.744756601779464,0.8028571428571428
unseen,random_freq_amp,mpc,0.39551053830256305,10.424787503170108,48.7306509859383,0.8018095238095239
unseen,random_freq_amp,residual_rl,0.3959464891418165,10.70095362095747,48.7999035534512,1.0
unseen,random_freq_amp,smc,0.7137576513673435,26.068764862227916,55.62672521080244,0.8032380952380953
unseen,random_freq_amp,sspo,0.39965335258421264,10.7093503046308,48.73682778019289,0.8017142857142858
unseen,random_freq_amp,v3_transformer,0.5260390287914437,13.357176066467746,51.2742036156832,0.8393333333333334
unseen,random_freq_amp,wm_hybrid,0.5247234936196782,13.495226222882282,51.32336474792046,1.0
unseen,random_freq_amp,wm_residual_rl,0.3966412778840737,10.676726910401424,48.80400326178708,1.0
