block,method,model_seed,rmse_3d,heading_rmse_deg,applied_control_cost,action_saturation_step_fraction,solver_fallback_step_fraction,solver_deadline_miss_step_fraction,actuator_rate_limit_episode_mean,authority_alpha_mean,wm_gate_open_fraction,final_error,max_error,success_1m
seen,constant_alpha,,0.06617391081107507,7.661880103811383,31.21155508227983,0.11694677871148458,2.2408963585434174e-05,0.17285714285714285,0.0025816993464052285,0.5932663165266104,0.0,0.11678019092849083,0.2720274769040111,0.9882352941176471
seen,mpc,,0.07052177291747302,7.104957775873655,31.96298332057107,0.15025210084033613,1.1204481792717087e-05,0.17680672268907563,0.025366013071895423,0.9999943977591036,0.0,0.11656386296046217,0.2776515035609592,0.9882352941176471
seen,residual_rl,31000.0,0.06560938416759325,7.642182488695999,31.113631735455478,0.11777591036414566,2.2408963585434174e-05,0.17999439775910364,0.0025480859010270774,0.563974015707505,0.0,0.1164383104659043,0.2718950764019316,0.9882352941176471
seen,residual_rl,31001.0,0.06545097954124604,7.641446978022607,31.130538708734687,0.11552380952380953,2.801120448179272e-05,0.19533893557422968,0.0026134453781512606,0.563828611450948,0.0,0.11768890284759151,0.2723499898779672,0.9882352941176471
seen,residual_rl,31002.0,0.06708414510880788,7.669554623602863,31.112714582282926,0.11533893557422968,0.00010644257703081233,0.20230812324929973,0.0026041083099906624,0.528503090350003,0.0,0.11669686374293008,0.27241545279502405,0.9882352941176471
seen,residual_rl,31003.0,0.0661620611209807,7.620177401498651,31.128886358677484,0.11548459383753501,0.0006666666666666668,0.20958543417366948,0.002595704948646125,0.5400685365788809,0.0,0.1177630757958935,0.2745103955777271,0.9882352941176471
seen,residual_rl,31004.0,0.06719926878772432,7.639884848886087,31.124916001291755,0.11555742296918767,0.0007282913165266106,0.2136638655462185,0.0025807656395891686,0.5076059463190538,0.0,0.11746805979030249,0.2736978260383027,0.9882352941176471
seen,smc,,0.16205448615710258,7.635193974781997,30.64889120038858,0.11672268907563024,0.0004929971988795518,0.17561344537815124,0.003050420168067227,0.0,0.0,0.15377066423307326,0.39242834553663114,0.9764705882352941
seen,sspo,,0.061966849599078555,7.529014413727803,31.700270981298246,0.14215686274509803,1.1204481792717087e-05,0.17509803921568626,0.020403361344537813,0.9009842197456601,0.0,0.11629998575401547,0.2724650247080025,0.9882352941176471
seen,v3_transformer,31000.0,0.06431258447315946,7.302345941319056,31.625821067207536,0.14243697478991596,6.162464985994398e-05,0.17401120448179272,0.017139122315592902,0.8590152708927234,0.0,0.11687002213872559,0.27864049056880613,0.9882352941176471
seen,v3_transformer,31001.0,0.06367359885516559,7.310368073761894,31.621281738267097,0.1420952380952381,1.1204481792717087e-05,0.1721904761904762,0.016739495798319327,0.8666562436078437,0.0,0.11634333706333501,0.27711491450936887,0.9882352941176471
seen,v3_transformer,31002.0,0.06176837096840734,7.353337206499305,31.687114075876593,0.14185434173669467,5.6022408963585436e-06,0.17369187675070027,0.018210084033613443,0.8655931897245002,0.0,0.11657372021763668,0.2736041940047792,0.9882352941176471
seen,v3_transformer,31003.0,0.06345948587815932,7.344536550025615,31.643574387677322,0.14201120448179272,5.042016806722689e-05,0.16894677871148459,0.017740429505135387,0.8817635964691419,0.0,0.11640042437603662,0.27665751184708254,0.9882352941176471
seen,v3_transformer,31004.0,0.06435995691031689,7.321859240934928,31.647603180024003,0.14361344537815127,3.361344537815126e-05,0.17093557422969188,0.018222222222222223,0.8642470069900667,0.0,0.11642080479158456,0.27848789505199406,0.9882352941176471
seen,wm_hybrid,31000.0,0.06434736038079489,7.295311979326645,31.62243386739541,0.1424705882352941,1.1204481792717087e-05,0.17344537815126052,0.01685247432306256,0.8577842565125461,0.04898039215686274,0.11681304691401873,0.27860064209605445,0.9882352941176471
seen,wm_hybrid,31001.0,0.0637136686902505,7.306584217202675,31.61674084386547,0.14210084033613446,1.680672268907563e-05,0.17342296918767508,0.01672735760971055,0.8646691019977913,0.048913165266106444,0.11639237566657015,0.2772317220872863,0.9882352941176471
seen,wm_hybrid,31002.0,0.06186253905392923,7.349862126473626,31.685862794527875,0.14193837535014006,1.680672268907563e-05,0.17264985994397758,0.018287581699346404,0.8645298938001398,0.04898599439775911,0.11650859311661146,0.273742180100471,0.9882352941176471
seen,wm_hybrid,31003.0,0.06353446458552582,7.340007429300565,31.641793725935514,0.14215686274509803,1.680672268907563e-05,0.17480112044817928,0.017646125116713353,0.8797451597374122,0.048913165266106444,0.11643776009819402,0.2767522729299747,0.9882352941176471
seen,wm_hybrid,31004.0,0.06437472949925918,7.3158567234902705,31.649755788920704,0.1438263305322129,2.801120448179272e-05,0.1775686274509804,0.018216619981325864,0.862619243172591,0.04894117647058824,0.1166629425836211,0.27846857019527055,0.9882352941176471
seen,wm_residual_rl,31000.0,0.06642376674403447,7.669873993881443,31.141699158674434,0.11572549019607842,8.96358543417367e-05,0.22349019607843137,0.0025667600373482724,0.5680811880687461,0.0,0.11744911146829135,0.27236937949163886,0.9882352941176471
seen,wm_residual_rl,31001.0,0.06764661026610586,7.685590459647349,31.159389072132946,0.11717086834733893,8.96358543417367e-05,0.22253781512605045,0.0026358543417366945,0.5603612317855398,0.0,0.11730994286084732,0.27221563502038604,0.9882352941176471
seen,wm_residual_rl,31002.0,0.06803918688775452,7.663823419863803,31.091585563015574,0.11529971988795519,0.00044817927170868354,0.22119887955182072,0.002579831932773109,0.4923217577382193,0.0,0.11739812477878027,0.27296208677410433,0.9882352941176471
seen,wm_residual_rl,31003.0,0.06628797421950072,7.648789513501901,31.087168523628144,0.11718207282913166,0.0002745098039215686,0.2213389355742297,0.002584500466853408,0.5062999331446444,0.0,0.11723976526325149,0.27274543756020203,0.9882352941176471
seen,wm_residual_rl,31004.0,0.06568347334657104,7.64446209628401,31.1189524724247,0.11562464985994399,5.042016806722689e-05,0.2201624649859944,0.0025938375350140056,0.5378650804587456,0.0,0.11757415601258915,0.272287459442619,0.9882352941176471
unseen,constant_alpha,,0.12041847415083903,8.656388017407528,32.42086117561761,0.1340136054421769,0.0037142857142857142,0.6896190476190476,0.0458344671201814,0.5907335034013604,0.0,0.18646054808160753,0.411873740519465,0.9428571428571428
unseen,mpc,,0.22125688159214704,9.460765607826161,35.22255210176983,0.20733333333333334,0.005210884353741497,0.6896190476190476,0.08369614512471656,0.998421768707483,0.0,0.23986578775477493,0.5752939408810622,0.9428571428571428
unseen,residual_rl,31000.0,0.11526611531741052,8.463406218617077,31.852981159127843,0.12741496598639457,0.0031020408163265306,0.8020408163265307,0.039097505668934246,0.5436744969860542,0.0,0.17957273154605427,0.41199487858019396,0.9428571428571428
unseen,residual_rl,31001.0,0.11474610452445477,8.505441671200487,31.842486850201254,0.1243265306122449,0.0032244897959183673,0.8020272108843537,0.0384875283446712,0.5610928694922915,0.0,0.1795654910124056,0.4134922697901268,0.9428571428571428
unseen,residual_rl,31002.0,0.11566478384789612,8.466272377021552,31.85392947476044,0.12440816326530611,0.0038911564625850343,0.8021768707482994,0.03885487528344671,0.5258849469253328,0.0,0.17924891291115366,0.4129078724850395,0.9428571428571428
unseen,residual_rl,31003.0,0.11697265886992282,8.430431907107893,31.90656452148778,0.12699319727891156,0.005061224489795919,0.8022993197278911,0.03882993197278912,0.548042082883566,0.0,0.17943965912148424,0.419128579531676,0.9428571428571428
unseen,residual_rl,31004.0,0.11712780196717877,8.453912809769516,31.930340615437657,0.12601360544217688,0.0028299319727891157,0.8024081632653061,0.03988888888888889,0.5036721994692329,0.0,0.18038085623475283,0.4129854784754607,0.9428571428571428
unseen,smc,,0.24822665242325526,10.64785309558046,32.02615301631368,0.14621768707482993,0.003129251700680272,0.6894421768707483,0.028941043083900223,0.0,0.0,0.25095692647202145,0.600707915328718,0.9428571428571428
unseen,sspo,,0.1357413445919131,9.105757959079764,33.68969962457849,0.16699319727891157,0.004748299319727891,0.6892108843537414,0.05962585034013606,0.8687958519500713,0.0,0.2438141262919718,0.4479494320579178,0.9428571428571428
unseen,v3_transformer,31000.0,0.1775119167247694,9.658265293498701,34.00792816785805,0.171156462585034,0.004462585034013605,0.6894013605442176,0.051689342403628116,0.8012328702317587,0.0,0.22096994918332602,0.5024672994518635,0.9428571428571428
unseen,v3_transformer,31001.0,0.13989806753754086,8.821008588878755,33.26668753326934,0.16141496598639454,0.0028435374149659866,0.6895238095238095,0.054292517006802724,0.8351578243321076,0.0,0.21258902869607887,0.4702804689281187,0.9428571428571428
unseen,v3_transformer,31002.0,0.14289860669076512,8.905045492781541,33.56794530490602,0.16682993197278911,0.004421768707482994,0.6893061224489796,0.0567936507936508,0.8435123458477204,0.0,0.2370570495739632,0.46211688173500676,0.9428571428571428
unseen,v3_transformer,31003.0,0.14829509730161547,8.714394212143207,33.247041448656354,0.1597687074829932,0.00472108843537415,0.692843537414966,0.057115646258503405,0.8426480541769749,0.0,0.20106025976379455,0.49084351731424514,0.9428571428571428
unseen,v3_transformer,31004.0,0.1938626362261621,9.895372100034063,34.2092473802912,0.17982312925170066,0.004013605442176871,0.7138367346938775,0.05673696145124717,0.7947764613517279,0.0,0.19453721720328046,0.550194217895412,0.9428571428571428
unseen,wm_hybrid,31000.0,0.17337981123828863,9.56395457740395,34.06446606397303,0.1714013605442177,0.003605442176870748,0.7537278911564625,0.05154648526077097,0.8019184151329741,0.043088435374149664,0.18476257502197355,0.49201069826384186,0.9428571428571428
unseen,wm_hybrid,31001.0,0.14407720800399537,8.778242724201029,33.25648448245708,0.16062585034013607,0.0062721088435374155,0.7784761904761904,0.054655328798185944,0.83373453252283,0.04269387755102041,0.2192177632330019,0.47881617435464474,0.9428571428571428
unseen,wm_hybrid,31002.0,0.14412199548041732,8.906776105284466,33.56614646083788,0.16789115646258504,0.005591836734693877,0.802625850340136,0.057532879818594104,0.8437240181257294,0.04276190476190476,0.24242528273340896,0.46633882423134787,0.9428571428571428
unseen,wm_hybrid,31003.0,0.1345402587947403,8.778903830924387,33.288748162580994,0.15865306122448977,0.005877551020408163,0.8022312925170068,0.055471655328798185,0.8366821109681334,0.04297959183673469,0.21973290268795934,0.4492690985526957,0.9428571428571428
unseen,wm_hybrid,31004.0,0.19143678994929958,10.009852129302292,34.26161350244384,0.17993197278911563,0.00545578231292517,0.8018775510204081,0.05631292517006802,0.7946153425715482,0.042503401360544216,0.19094053772917852,0.5562345243156824,0.9428571428571428
unseen,wm_residual_rl,31000.0,0.1170781160929856,8.581644270496104,32.08272455908,0.12640816326530613,0.004204081632653061,0.8023809523809523,0.0412562358276644,0.5787912703391103,0.0,0.18062161084803893,0.4133029556624696,0.9428571428571428
unseen,wm_residual_rl,31001.0,0.12076101210550283,8.867019333821997,32.185057238407005,0.1297687074829932,0.003414965986394558,0.8018775510204081,0.04282766439909297,0.5600678241322274,0.0,0.1830522462824873,0.4162486539813477,0.9428571428571428
unseen,wm_residual_rl,31002.0,0.11645635230934087,8.418383236755933,31.815590979253084,0.125265306122449,0.0036190476190476194,0.8023537414965987,0.03806122448979592,0.49421051717045383,0.0,0.17910805263601773,0.4155443826943692,0.9428571428571428
unseen,wm_residual_rl,31003.0,0.1154618439206277,8.423092790634449,31.769105601709153,0.12789115646258503,0.002163265306122449,0.8023537414965987,0.03786848072562358,0.5080559233497419,0.0,0.17905302169936846,0.4120625040463831,0.9428571428571428
unseen,wm_residual_rl,31004.0,0.11511745529608208,8.376801821984328,31.834386616384734,0.12587755102040815,0.0034965986394557822,0.8025850340136055,0.03841950113378685,0.5490307314623358,0.0,0.18127663031281271,0.4124699223116653,0.9428571428571428
