metric,comparison,block,n_model_seeds,mean_difference,ci95_low,ci95_high,sample_sd,ci_basis
rmse_3d,residual_rl_vs_v3_transformer,seen,5,0.0027863683282287194,0.0008583287163502322,0.004714407940107207,0.001552786917127061,model_seed_effects_t4
rmse_3d,residual_rl_vs_v3_transformer,unseen,5,-0.04453777199079799,-0.07365807815076168,-0.015417465830834299,0.023452645967097476,model_seed_effects_t4
rmse_3d,wm_hybrid_vs_v3_transformer,seen,5,5.1753024910205515e-05,1.1851626492942904e-05,9.165442332746812e-05,3.213542349217287e-05,model_seed_effects_t4
rmse_3d,wm_hybrid_vs_v3_transformer,unseen,5,-0.0029820522028223533,-0.01146392901730455,0.005499824611659843,0.006831056410391514,model_seed_effects_t4
rmse_3d,wm_residual_rl_vs_residual_rl,seen,5,0.000515034547522885,-0.0011719049228832072,0.0022019740179289775,0.0013586118892441727,model_seed_effects_t4
rmse_3d,wm_residual_rl_vs_residual_rl,unseen,5,0.001019463039535211,-0.0029662866991643395,0.0050052127782347616,0.0032100066881744762,model_seed_effects_t4
rmse_3d,wm_hybrid_vs_sspo,seen,5,0.0015997028428733691,0.0003290210033474927,0.0028703846823992457,0.001023370123772686,model_seed_effects_t4
rmse_3d,wm_hybrid_vs_sspo,unseen,5,0.02176986810143517,-0.007940465789431906,0.051480201992302244,0.023927837107178,model_seed_effects_t4
heading_rmse_deg,residual_rl_vs_v3_transformer,seen,5,0.3161598656330821,0.2855657725046585,0.3467539587615058,0.024639591042892543,model_seed_effects_t4
heading_rmse_deg,residual_rl_vs_v3_transformer,unseen,5,-0.7349241407239481,-1.4086526018406031,-0.061195679607292996,0.5426012690158478,model_seed_effects_t4
heading_rmse_deg,wm_hybrid_vs_v3_transformer,seen,5,-0.004964907349403171,-0.0068440908695182375,-0.003085723829288104,0.0015134396445685445,model_seed_effects_t4
heading_rmse_deg,wm_hybrid_vs_v3_transformer,unseen,5,0.008728735955971272,-0.09443523552363645,0.111892707435579,0.08308525626002546,model_seed_effects_t4
heading_rmse_deg,wm_residual_rl_vs_residual_rl,seen,5,0.019858628494459844,-0.0050992166528318165,0.04481647364175151,0.020100321168525892,model_seed_effects_t4
heading_rmse_deg,wm_residual_rl_vs_residual_rl,unseen,5,0.0694952939952566,-0.1533686941826709,0.2923592821731841,0.17948816145135088,model_seed_effects_t4
heading_rmse_deg,wm_hybrid_vs_sspo,seen,5,-0.20748991856904672,-0.23585230573426705,-0.1791275314038264,0.02284224009575081,model_seed_effects_t4
heading_rmse_deg,wm_hybrid_vs_sspo,unseen,5,0.10178791434346132,-0.5865297691058946,0.7901055977928173,0.55435100352841,model_seed_effects_t4
applied_control_cost,residual_rl_vs_v3_transformer,seen,5,-0.5229414125220451,-0.561555267335674,-0.4843275577084162,0.031098473394967574,model_seed_effects_t4
applied_control_cost,residual_rl_vs_v3_transformer,unseen,5,-1.782509442793198,-2.30695241116793,-1.2580664744184662,0.42237108358896525,model_seed_effects_t4
applied_control_cost,wm_hybrid_vs_v3_transformer,seen,5,-0.0017614856815160267,-0.004924006067576917,0.0014010347045448634,0.0025470017578313455,model_seed_effects_t4
applied_control_cost,wm_hybrid_vs_v3_transformer,unseen,5,0.027721767462371948,-0.011262579751564777,0.06670611467630867,0.03139685717741097,model_seed_effects_t4
applied_control_cost,wm_residual_rl_vs_residual_rl,seen,5,-0.0023785193133055655,-0.040720682567275866,0.03596364394066474,0.030879660930362308,model_seed_effects_t4
applied_control_cost,wm_residual_rl_vs_residual_rl,unseen,5,0.06011247476379781,-0.20448210091364963,0.32470705044124526,0.2130967605247627,model_seed_effects_t4
applied_control_cost,wm_hybrid_vs_sspo,seen,5,-0.056953577169248835,-0.09093708549121741,-0.022970068847280256,0.027369327266579594,model_seed_effects_t4
applied_control_cost,wm_hybrid_vs_sspo,unseen,5,-0.0022078901199164445,-0.56822618542073,0.5638104051808972,0.45585464032108125,model_seed_effects_t4
solver_deadline_miss_step_fraction,residual_rl_vs_v3_transformer,seen,5,0.028222969187675074,0.009753174590253013,0.04669276378509714,0.014875034328241051,model_seed_effects_t4
solver_deadline_miss_step_fraction,residual_rl_vs_v3_transformer,unseen,5,0.10720816326530613,0.09415616856934218,0.12026015796127008,0.01051169617130352,model_seed_effects_t4
solver_deadline_miss_step_fraction,wm_hybrid_vs_v3_transformer,seen,5,0.0024224089635854337,-0.0020482446242889463,0.006893062551459814,0.0036005341173955116,model_seed_effects_t4
solver_deadline_miss_step_fraction,wm_hybrid_vs_v3_transformer,unseen,5,0.09280544217687074,0.06840741470513294,0.11720346964860855,0.019649460326652643,model_seed_effects_t4
solver_deadline_miss_step_fraction,wm_residual_rl_vs_residual_rl,seen,5,0.021567507002801117,0.0035407650577576506,0.03959424894784458,0.014518212633306245,model_seed_effects_t4
solver_deadline_miss_step_fraction,wm_residual_rl_vs_residual_rl,unseen,5,0.00011972789115646285,-0.00010578459859765791,0.0003452403809105836,0.00018162118743907758,model_seed_effects_t4
solver_deadline_miss_step_fraction,wm_hybrid_vs_sspo,seen,5,-0.0007204481792717082,-0.0031351150829843615,0.0016942187244409453,0.001944702356841942,model_seed_effects_t4
solver_deadline_miss_step_fraction,wm_hybrid_vs_sspo,unseen,5,0.09857687074829932,0.07170060419903976,0.1254531372975589,0.0216453618596816,model_seed_effects_t4
