method,model_seed,scenario_id,scenario,rmse_3d,heading_rmse_deg,applied_control_cost,action_saturation_step_fraction,solver_fallback_step_fraction,solver_deadline_miss_step_fraction,actuator_rate_limit_episode_mean,final_error,max_error,success_1m
predictive_alpha,31000.0,1,constant,0.05461875293162625,7.319808227105615,29.992617133959392,0.12516666666666668,0.0,0.24866666666666667,0.0019285714285714284,0.013456605279296355,0.23903706537688746,1.0
predictive_alpha,31000.0,2,sinusoidal,0.06106289627889714,6.993400846558529,39.24729743273956,0.24973809523809526,0.0,0.3046428571428571,0.0013373015873015873,0.2544028300979476,0.2610107423629856,1.0
predictive_alpha,31000.0,3,step_change,0.04784136100513956,7.296332499557131,27.090934343108245,0.038071428571428576,0.0,0.3480238095238095,0.004103174603174603,0.013472683907311359,0.23903706537688746,1.0
predictive_alpha,31001.0,1,constant,0.054219820765340654,7.313723736188888,29.992369914691523,0.12450000000000001,0.0,0.2507142857142857,0.0019285714285714284,0.013442805091571794,0.23669333369513837,1.0
predictive_alpha,31001.0,2,sinusoidal,0.05986510817470516,7.092986597744134,39.223332423069685,0.24935714285714283,0.0,0.30616666666666664,0.0013373015873015873,0.2544644678533189,0.26017574770791235,1.0
predictive_alpha,31001.0,3,step_change,0.047417158826894755,7.286689040441276,27.088421364098814,0.038047619047619045,0.0,0.33466666666666667,0.004388888888888888,0.013494876764519085,0.23669333369513837,1.0
predictive_alpha,31002.0,1,constant,0.054022094848635724,7.317194595287299,29.989652503651975,0.12495238095238095,0.0,0.2574047619047619,0.0019285714285714284,0.013388025631181114,0.23722545279480545,1.0
predictive_alpha,31002.0,2,sinusoidal,0.06046553263421334,7.013914827920409,39.23980337204936,0.24952380952380954,0.0,0.29933333333333334,0.0013373015873015873,0.254378490974026,0.2601931253560843,1.0
predictive_alpha,31002.0,3,step_change,0.04707352118918334,7.292409302959536,27.088118498597254,0.038,0.0,0.33564285714285713,0.004444444444444444,0.013428533843659936,0.23722545279480545,1.0
predictive_alpha,31003.0,1,constant,0.05430893491836588,7.367192032572637,29.98631160599362,0.12507142857142856,0.0,0.26061904761904764,0.0019285714285714284,0.013423523391941,0.23721254763949867,1.0
predictive_alpha,31003.0,2,sinusoidal,0.06039570465925446,7.068714386495699,39.22152579276575,0.24883333333333332,0.0,0.2991904761904762,0.0013373015873015873,0.2544051199687885,0.2603592335605257,1.0
predictive_alpha,31003.0,3,step_change,0.047465490490718396,7.343187362399574,27.087275601694785,0.0380952380952381,0.0,0.34176190476190477,0.004392857142857143,0.013435954759314464,0.23721254763949867,1.0
predictive_alpha,31004.0,1,constant,0.0541978551819148,7.33847780318956,29.996998952694952,0.12504761904761905,0.0,0.2579285714285714,0.0019285714285714284,0.013459990974313763,0.2380522227699803,1.0
predictive_alpha,31004.0,2,sinusoidal,0.06062194271824674,7.01242574327415,39.23373237312421,0.24933333333333332,0.0,0.30095238095238097,0.0013373015873015873,0.2542334974618193,0.2606191856739993,1.0
predictive_alpha,31004.0,3,step_change,0.047251799530565027,7.315593261022386,27.093256921658586,0.03778571428571429,0.0,0.3401190476190476,0.004130952380952381,0.013530187622530155,0.2380522227699803,1.0
real10kg_mpc_ltv_v3,,1,constant,0.061682368023295034,6.902959652119742,30.105679497635084,0.12814285714285714,0.0,0.009761904761904762,0.0002777777777777778,0.013232062692251832,0.23828007442015534,1.0
real10kg_mpc_ltv_v3,,2,sinusoidal,0.06670428421668623,7.024781611434254,39.416397164287574,0.2592619047619048,0.0,0.012380952380952381,0.00024603174603174605,0.2540780825013423,0.25492534826357094,1.0
real10kg_mpc_ltv_v3,,3,step_change,0.0565744073295566,6.863233179790102,27.193524486987872,0.04535714285714286,0.0,0.012547619047619047,0.000373015873015873,0.013260352889032745,0.23828007442015534,1.0
real10kg_smc_steady,,1,constant,0.15037034099070568,7.440479225502747,29.11584669658051,0.11750000000000001,0.0,0.0,0.001984126984126984,0.03922760486959613,0.33500248988978754,1.0
real10kg_smc_steady,,2,sinusoidal,0.15188711432759666,7.1709571904277025,37.998768379780174,0.18978571428571428,0.0,0.0,0.001345238095238095,0.31198622098864587,0.3775458566118487,1.0
real10kg_smc_steady,,3,step_change,0.1373990302083221,7.181567095143848,26.21620717857232,0.028595238095238097,0.0,0.0,0.004269841269841269,0.03041788483495168,0.33500248988978754,1.0
