effect_level,metric,comparison,model_seed,mean_difference,sample_sd,ci95_low,ci95_high,percent_difference,ci_df,ci_basis,n_model_seeds,n_env_episodes,n_scenarios,n_rollouts
model_seed,rmse_3d,predictive_alpha_vs_real10kg_smc_steady,31000,-0.09204449177032051,0.0032291913830224347,,,-62.80664209472682,,model_seed_aggregate,5,20,3,60
model_seed,rmse_3d,predictive_alpha_vs_real10kg_smc_steady,31001,-0.09271813258656128,0.0031726115393713706,,,-63.26630151412594,,model_seed_aggregate,5,20,3,60
model_seed,rmse_3d,predictive_alpha_vs_real10kg_smc_steady,31002,-0.09269844561819733,0.003141983825850302,,,-63.252868093481396,,model_seed_aggregate,5,20,3,60
model_seed,rmse_3d,predictive_alpha_vs_real10kg_smc_steady,31003,-0.09249545181942855,0.003140706325634447,,,-63.11435509154605,,model_seed_aggregate,5,20,3,60
model_seed,rmse_3d,predictive_alpha_vs_real10kg_smc_steady,31004,-0.09252829603196595,0.0032205231146185563,,,-63.13676636963608,,model_seed_aggregate,5,20,3,60
model_seed_aggregate,rmse_3d,predictive_alpha_vs_real10kg_smc_steady,all,-0.09249696356529472,0.0002716732815811633,-0.09283429049830792,-0.09215963663228151,-63.11538663270325,4.0,five_model_seed_effects,5,20,3,300
model_seed,rmse_3d,predictive_alpha_vs_real10kg_mpc_ltv_v3,31000,-0.007146016451291637,0.002924771806992043,,,-11.59057447214454,,model_seed_aggregate,5,20,3,60
model_seed,rmse_3d,predictive_alpha_vs_real10kg_mpc_ltv_v3,31001,-0.007819657267532427,0.002880860275859983,,,-12.683194969359299,,model_seed_aggregate,5,20,3,60
model_seed,rmse_3d,predictive_alpha_vs_real10kg_mpc_ltv_v3,31002,-0.007799970299168484,0.002451275052452401,,,-12.651263434565282,,model_seed_aggregate,5,20,3,60
model_seed,rmse_3d,predictive_alpha_vs_real10kg_mpc_ltv_v3,31003,-0.007596976500399711,0.0026014799660317536,,,-12.322014998314101,,model_seed_aggregate,5,20,3,60
model_seed,rmse_3d,predictive_alpha_vs_real10kg_mpc_ltv_v3,31004,-0.007629820712937099,0.002825076200082143,,,-12.375287096690634,,model_seed_aggregate,5,20,3,60
model_seed_aggregate,rmse_3d,predictive_alpha_vs_real10kg_mpc_ltv_v3,all,-0.007598488246265872,0.0002716732815811719,-0.007935815179279087,-0.007261161313252656,-12.324466994214772,4.0,five_model_seed_effects,5,20,3,300
model_seed,heading_rmse_deg,predictive_alpha_vs_real10kg_smc_steady,31000,-0.06115397928434051,0.14087993344312436,,,-0.8418387018558217,,model_seed_aggregate,5,20,3,60
model_seed,heading_rmse_deg,predictive_alpha_vs_real10kg_smc_steady,31001,-0.03320137890000051,0.11942249309112103,,,-0.45704639403828323,,model_seed_aggregate,5,20,3,60
model_seed,heading_rmse_deg,predictive_alpha_vs_real10kg_smc_steady,31002,-0.05649492830235145,0.14763177909859632,,,-0.7777027375824046,,model_seed_aggregate,5,20,3,60
model_seed,heading_rmse_deg,predictive_alpha_vs_real10kg_smc_steady,31003,-0.004636576535462226,0.14184961538677868,,,-0.06382658360660719,,model_seed_aggregate,5,20,3,60
model_seed,heading_rmse_deg,predictive_alpha_vs_real10kg_smc_steady,31004,-0.042168901196067664,0.1456817121147213,,,-0.580492282873802,,model_seed_aggregate,5,20,3,60
model_seed_aggregate,heading_rmse_deg,predictive_alpha_vs_real10kg_smc_steady,all,-0.039531152843644474,0.022472046587782072,-0.06743388405765127,-0.011628421629637679,-0.5441813399913837,4.0,five_model_seed_effects,5,20,3,300
model_seed,heading_rmse_deg,predictive_alpha_vs_real10kg_mpc_ltv_v3,31000,0.27285570995906006,0.22475240974763422,,,3.937127295826347,,model_seed_aggregate,5,20,3,60
model_seed,heading_rmse_deg,predictive_alpha_vs_real10kg_mpc_ltv_v3,31001,0.3008083103434,0.17394327954887345,,,4.340464817987871,,model_seed_aggregate,5,20,3,60
model_seed,heading_rmse_deg,predictive_alpha_vs_real10kg_mpc_ltv_v3,31002,0.2775147609410491,0.21189821234264597,,,4.004354317744223,,model_seed_aggregate,5,20,3,60
model_seed,heading_rmse_deg,predictive_alpha_vs_real10kg_mpc_ltv_v3,31003,0.3293731127079383,0.2092790618602756,,,4.7526360095168405,,model_seed_aggregate,5,20,3,60
model_seed,heading_rmse_deg,predictive_alpha_vs_real10kg_mpc_ltv_v3,31004,0.2918407880473329,0.22159626899595047,,,4.21106940671693,,model_seed_aggregate,5,20,3,60
model_seed_aggregate,heading_rmse_deg,predictive_alpha_vs_real10kg_mpc_ltv_v3,all,0.2944785363997561,0.022472046587782055,0.2665758051857493,0.32238126761376285,4.2491303695584435,4.0,five_model_seed_effects,5,20,3,300
model_seed,applied_control_cost,predictive_alpha_vs_real10kg_smc_steady,31000,1.0000088849580664,0.18327385197930268,,,3.21440075463991,,model_seed_aggregate,5,20,3,60
model_seed,applied_control_cost,predictive_alpha_vs_real10kg_smc_steady,31001,0.991100482309007,0.1724114719287593,,,3.1857658328622165,,model_seed_aggregate,5,20,3,60
model_seed,applied_control_cost,predictive_alpha_vs_real10kg_smc_steady,31002,0.9955840397885278,0.18205088296565988,,,3.200177655359421,,model_seed_aggregate,5,20,3,60
model_seed,applied_control_cost,predictive_alpha_vs_real10kg_smc_steady,31003,0.9880969151737208,0.1739256548322561,,,3.176111250176503,,model_seed_aggregate,5,20,3,60
model_seed,applied_control_cost,predictive_alpha_vs_real10kg_smc_steady,31004,0.9977219975149176,0.1754861438468646,,,3.2070498472293805,,model_seed_aggregate,5,20,3,60
model_seed_aggregate,applied_control_cost,predictive_alpha_vs_real10kg_smc_steady,all,0.994502463948848,0.0048595372516099375,0.9884685514955939,1.0005363764021022,3.1967010680534864,4.0,five_model_seed_effects,5,20,3,300
model_seed,applied_control_cost,predictive_alpha_vs_real10kg_mpc_ltv_v3,31000,-0.1282507463677773,0.052824111277631786,,,-0.3978181746613339,,model_seed_aggregate,5,20,3,60
model_seed,applied_control_cost,predictive_alpha_vs_real10kg_mpc_ltv_v3,31001,-0.13715914901683657,0.055155380342394325,,,-0.42545095327171517,,model_seed_aggregate,5,20,3,60
model_seed,applied_control_cost,predictive_alpha_vs_real10kg_mpc_ltv_v3,31002,-0.13267559153731595,0.056597412882324234,,,-0.4115435047538155,,model_seed_aggregate,5,20,3,60
model_seed,applied_control_cost,predictive_alpha_vs_real10kg_mpc_ltv_v3,31003,-0.14016271615212308,0.05769721463685262,,,-0.43476765223115815,,model_seed_aggregate,5,20,3,60
model_seed,applied_control_cost,predictive_alpha_vs_real10kg_mpc_ltv_v3,31004,-0.13053763381092603,0.05518438409340212,,,-0.40491182061704994,,model_seed_aggregate,5,20,3,60
model_seed_aggregate,applied_control_cost,predictive_alpha_vs_real10kg_mpc_ltv_v3,all,-0.1337571673769958,0.004859537251609977,-0.13979107983025,-0.12772325492374162,-0.4148984211070146,4.0,five_model_seed_effects,5,20,3,300
model_seed,action_saturation_step_fraction,predictive_alpha_vs_real10kg_smc_steady,31000,0.0256984126984127,0.024503206695721275,,,22.9531438293046,,model_seed_aggregate,5,20,3,60
model_seed,action_saturation_step_fraction,predictive_alpha_vs_real10kg_smc_steady,31001,0.025341269841269838,0.02448926262171772,,,22.634153257248173,,model_seed_aggregate,5,20,3,60
model_seed,action_saturation_step_fraction,predictive_alpha_vs_real10kg_smc_steady,31002,0.02553174603174603,0.024460839985082115,,,22.804281562344933,,model_seed_aggregate,5,20,3,60
model_seed,action_saturation_step_fraction,predictive_alpha_vs_real10kg_smc_steady,31003,0.025373015873015877,0.024083985745651047,,,22.662507974764303,,model_seed_aggregate,5,20,3,60
model_seed,action_saturation_step_fraction,predictive_alpha_vs_real10kg_smc_steady,31004,0.02542857142857143,0.02441241538291552,,,22.712128730417522,,model_seed_aggregate,5,20,3,60
model_seed_aggregate,action_saturation_step_fraction,predictive_alpha_vs_real10kg_smc_steady,all,0.025474603174603178,0.00014454470617649183,0.025295127216812888,0.025654079132393467,22.753243070815905,4.0,five_model_seed_effects,5,20,3,300
model_seed,action_saturation_step_fraction,predictive_alpha_vs_real10kg_mpc_ltv_v3,31000,-0.006595238095238096,0.00290228661784628,,,-4.571963028169014,,model_seed_aggregate,5,20,3,60
model_seed,action_saturation_step_fraction,predictive_alpha_vs_real10kg_mpc_ltv_v3,31001,-0.006952380952380952,0.0027796872640610715,,,-4.819542253521126,,model_seed_aggregate,5,20,3,60
model_seed,action_saturation_step_fraction,predictive_alpha_vs_real10kg_mpc_ltv_v3,31002,-0.006761904761904761,0.0028514875426769353,,,-4.687499999999998,,model_seed_aggregate,5,20,3,60
model_seed,action_saturation_step_fraction,predictive_alpha_vs_real10kg_mpc_ltv_v3,31003,-0.00692063492063492,0.0031507307964664137,,,-4.797535211267605,,model_seed_aggregate,5,20,3,60
model_seed,action_saturation_step_fraction,predictive_alpha_vs_real10kg_mpc_ltv_v3,31004,-0.006865079365079364,0.003122333342161087,,,-4.759022887323942,,model_seed_aggregate,5,20,3,60
model_seed_aggregate,action_saturation_step_fraction,predictive_alpha_vs_real10kg_mpc_ltv_v3,all,-0.006819047619047619,0.00014454470617649117,-0.0069985235768379095,-0.006639571661257328,-4.727112676056337,4.0,five_model_seed_effects,5,20,3,300
model_seed,solver_fallback_step_fraction,predictive_alpha_vs_real10kg_smc_steady,31000,0.0,0.0,,,,,model_seed_aggregate,5,20,3,60
model_seed,solver_fallback_step_fraction,predictive_alpha_vs_real10kg_smc_steady,31001,0.0,0.0,,,,,model_seed_aggregate,5,20,3,60
model_seed,solver_fallback_step_fraction,predictive_alpha_vs_real10kg_smc_steady,31002,0.0,0.0,,,,,model_seed_aggregate,5,20,3,60
model_seed,solver_fallback_step_fraction,predictive_alpha_vs_real10kg_smc_steady,31003,0.0,0.0,,,,,model_seed_aggregate,5,20,3,60
model_seed,solver_fallback_step_fraction,predictive_alpha_vs_real10kg_smc_steady,31004,0.0,0.0,,,,,model_seed_aggregate,5,20,3,60
model_seed_aggregate,solver_fallback_step_fraction,predictive_alpha_vs_real10kg_smc_steady,all,0.0,0.0,0.0,0.0,,4.0,five_model_seed_effects,5,20,3,300
model_seed,solver_fallback_step_fraction,predictive_alpha_vs_real10kg_mpc_ltv_v3,31000,0.0,0.0,,,,,model_seed_aggregate,5,20,3,60
model_seed,solver_fallback_step_fraction,predictive_alpha_vs_real10kg_mpc_ltv_v3,31001,0.0,0.0,,,,,model_seed_aggregate,5,20,3,60
model_seed,solver_fallback_step_fraction,predictive_alpha_vs_real10kg_mpc_ltv_v3,31002,0.0,0.0,,,,,model_seed_aggregate,5,20,3,60
model_seed,solver_fallback_step_fraction,predictive_alpha_vs_real10kg_mpc_ltv_v3,31003,0.0,0.0,,,,,model_seed_aggregate,5,20,3,60
model_seed,solver_fallback_step_fraction,predictive_alpha_vs_real10kg_mpc_ltv_v3,31004,0.0,0.0,,,,,model_seed_aggregate,5,20,3,60
model_seed_aggregate,solver_fallback_step_fraction,predictive_alpha_vs_real10kg_mpc_ltv_v3,all,0.0,0.0,0.0,0.0,,4.0,five_model_seed_effects,5,20,3,300
model_seed,solver_deadline_miss_step_fraction,predictive_alpha_vs_real10kg_smc_steady,31000,0.3004444444444445,0.054203587301339756,,,,,model_seed_aggregate,5,20,3,60
model_seed,solver_deadline_miss_step_fraction,predictive_alpha_vs_real10kg_smc_steady,31001,0.2971825396825397,0.04877076093553586,,,,,model_seed_aggregate,5,20,3,60
model_seed,solver_deadline_miss_step_fraction,predictive_alpha_vs_real10kg_smc_steady,31002,0.2974603174603175,0.04607543870918511,,,,,model_seed_aggregate,5,20,3,60
model_seed,solver_deadline_miss_step_fraction,predictive_alpha_vs_real10kg_smc_steady,31003,0.3005238095238096,0.05358787838197677,,,,,model_seed_aggregate,5,20,3,60
model_seed,solver_deadline_miss_step_fraction,predictive_alpha_vs_real10kg_smc_steady,31004,0.2996666666666667,0.05051640014467961,,,,,model_seed_aggregate,5,20,3,60
model_seed_aggregate,solver_deadline_miss_step_fraction,predictive_alpha_vs_real10kg_smc_steady,all,0.29905555555555563,0.0016210499600694361,0.29704275618084774,0.3010683549302635,,4.0,five_model_seed_effects,5,20,3,300
model_seed,solver_deadline_miss_step_fraction,predictive_alpha_vs_real10kg_mpc_ltv_v3,31000,0.28888095238095235,0.05260125548753988,,,2498.2155113246395,,model_seed_aggregate,5,20,3,60
model_seed,solver_deadline_miss_step_fraction,predictive_alpha_vs_real10kg_mpc_ltv_v3,31001,0.28561904761904766,0.04705458836801099,,,2470.0068634179825,,model_seed_aggregate,5,20,3,60
model_seed,solver_deadline_miss_step_fraction,predictive_alpha_vs_real10kg_mpc_ltv_v3,31002,0.2858968253968254,0.04401477445406552,,,2472.4090597117365,,model_seed_aggregate,5,20,3,60
model_seed,solver_deadline_miss_step_fraction,predictive_alpha_vs_real10kg_mpc_ltv_v3,31003,0.2889603174603174,0.052232196999282866,,,2498.901853122855,,model_seed_aggregate,5,20,3,60
model_seed,solver_deadline_miss_step_fraction,predictive_alpha_vs_real10kg_mpc_ltv_v3,31004,0.2881031746031747,0.04933677443558821,,,2491.4893617021285,,model_seed_aggregate,5,20,3,60
model_seed_aggregate,solver_deadline_miss_step_fraction,predictive_alpha_vs_real10kg_mpc_ltv_v3,all,0.2874920634920636,0.0016210499600693925,0.28547926411735575,0.2895048628667714,2486.2045298558687,4.0,five_model_seed_effects,5,20,3,300
model_seed,actuator_rate_limit_episode_mean,predictive_alpha_vs_real10kg_smc_steady,31000,-7.67195767195767e-05,0.00013066911313781835,,,-3.028720626631853,,model_seed_aggregate,5,20,3,60
model_seed,actuator_rate_limit_episode_mean,predictive_alpha_vs_real10kg_smc_steady,31001,1.85185185185185e-05,0.00015489492752860068,,,0.7310704960835502,,model_seed_aggregate,5,20,3,60
model_seed,actuator_rate_limit_episode_mean,predictive_alpha_vs_real10kg_smc_steady,31002,3.7037037037037037e-05,0.00014051123401199518,,,1.4621409921671018,,model_seed_aggregate,5,20,3,60
model_seed,actuator_rate_limit_episode_mean,predictive_alpha_vs_real10kg_smc_steady,31003,1.984126984126982e-05,0.00013442120607894283,,,0.7832898172323752,,model_seed_aggregate,5,20,3,60
model_seed,actuator_rate_limit_episode_mean,predictive_alpha_vs_real10kg_smc_steady,31004,-6.746031746031743e-05,0.00013693911793599068,,,-2.663185378590077,,model_seed_aggregate,5,20,3,60
model_seed_aggregate,actuator_rate_limit_episode_mean,predictive_alpha_vs_real10kg_smc_steady,all,-1.3756613756613754e-05,5.384913974046428e-05,-8.061915190659196e-05,5.3105924393364454e-05,-0.5430809399477806,4.0,five_model_seed_effects,5,20,3,300
model_seed,actuator_rate_limit_episode_mean,predictive_alpha_vs_real10kg_mpc_ltv_v3,31000,0.0021574074074074074,0.0011759486352368009,,,721.6814159292035,,model_seed_aggregate,5,20,3,60
model_seed,actuator_rate_limit_episode_mean,predictive_alpha_vs_real10kg_mpc_ltv_v3,31001,0.002252645502645503,0.0013086851870500978,,,753.5398230088497,,model_seed_aggregate,5,20,3,60
model_seed,actuator_rate_limit_episode_mean,predictive_alpha_vs_real10kg_mpc_ltv_v3,31002,0.002271164021164021,0.0013322929555804604,,,759.7345132743362,,model_seed_aggregate,5,20,3,60
model_seed,actuator_rate_limit_episode_mean,predictive_alpha_vs_real10kg_mpc_ltv_v3,31003,0.002253968253968254,0.0013101615912919288,,,753.9823008849556,,model_seed_aggregate,5,20,3,60
model_seed,actuator_rate_limit_episode_mean,predictive_alpha_vs_real10kg_mpc_ltv_v3,31004,0.002166666666666666,0.0011925190972913015,,,724.7787610619467,,model_seed_aggregate,5,20,3,60
model_seed_aggregate,actuator_rate_limit_episode_mean,predictive_alpha_vs_real10kg_mpc_ltv_v3,all,0.00222037037037037,5.384913974046447e-05,0.0021535078322203914,0.0022872329085203485,742.7433628318582,4.0,five_model_seed_effects,5,20,3,300
model_seed,final_error,predictive_alpha_vs_real10kg_smc_steady,31000,-0.03343319713621281,0.01778580404780463,,,-26.281776015534668,,model_seed_aggregate,5,20,3,60
model_seed,final_error,predictive_alpha_vs_real10kg_smc_steady,31001,-0.033409853661261306,0.017755543008092744,,,-26.263425751944858,,model_seed_aggregate,5,20,3,60
model_seed,final_error,predictive_alpha_vs_real10kg_smc_steady,31002,-0.03347888674810889,0.017768559774806757,,,-26.317692537104445,,model_seed_aggregate,5,20,3,60
model_seed,final_error,predictive_alpha_vs_real10kg_smc_steady,31003,-0.03345570419104991,0.017761766436179875,,,-26.299468770779942,,model_seed_aggregate,5,20,3,60
model_seed,final_error,predictive_alpha_vs_real10kg_smc_steady,31004,-0.033469344878176835,0.017884410745836455,,,-26.310191690347203,,model_seed_aggregate,5,20,3,60
model_seed_aggregate,final_error,predictive_alpha_vs_real10kg_smc_steady,all,-0.03344939732296195,2.7988635957422852e-05,-0.03348414980458911,-0.03341464484133479,-26.294510953142222,4.0,five_model_seed_effects,5,20,3,300
model_seed,final_error,predictive_alpha_vs_real10kg_mpc_ltv_v3,31000,0.0002538737339761499,0.000356969869349078,,,0.27145448546203005,,model_seed_aggregate,5,20,3,60
model_seed,final_error,predictive_alpha_vs_real10kg_mpc_ltv_v3,31001,0.0002772172089276468,0.0003900530185392883,,,0.29641449563169053,,model_seed_aggregate,5,20,3,60
model_seed,final_error,predictive_alpha_vs_real10kg_mpc_ltv_v3,31002,0.0002081841220800664,0.00037903561536805594,,,0.2226008687685585,,model_seed_aggregate,5,20,3,60
model_seed,final_error,predictive_alpha_vs_real10kg_mpc_ltv_v3,31003,0.00023136667913904407,0.00037948685981444453,,,0.2473888174845534,,model_seed_aggregate,5,20,3,60
model_seed,final_error,predictive_alpha_vs_real10kg_mpc_ltv_v3,31004,0.00021772599201211776,0.000391684280432198,,,0.23280351302081487,,model_seed_aggregate,5,20,3,60
model_seed_aggregate,final_error,predictive_alpha_vs_real10kg_mpc_ltv_v3,all,0.00023767354722700496,2.798863595742379e-05,0.00020292106559984042,0.00027242602885416947,0.2541324360735295,4.0,five_model_seed_effects,5,20,3,300
model_seed,max_error,predictive_alpha_vs_real10kg_smc_steady,31000,-0.1028219877582211,0.015457853425696166,,,-29.4463955885195,,model_seed_aggregate,5,20,3,60
model_seed,max_error,predictive_alpha_vs_real10kg_smc_steady,31001,-0.10466280709774489,0.015196930017939245,,,-29.973573633414677,,model_seed_aggregate,5,20,3,60
model_seed,max_error,predictive_alpha_vs_real10kg_smc_steady,31002,-0.10430226848190953,0.01505447157051088,,,-29.870321761531113,,model_seed_aggregate,5,20,3,60
model_seed,max_error,predictive_alpha_vs_real10kg_smc_steady,31003,-0.10425550251730026,0.015210997608246384,,,-29.856928817823377,,model_seed_aggregate,5,20,3,60
model_seed,max_error,predictive_alpha_vs_real10kg_smc_steady,31004,-0.10360906839248797,0.01515173086585247,,,-29.67180153740257,,model_seed_aggregate,5,20,3,60
model_seed_aggregate,max_error,predictive_alpha_vs_real10kg_smc_steady,all,-0.10393032684953277,0.0007266755886185379,-0.10483261376629394,-0.1030280399327716,-29.76380426773825,4.0,five_model_seed_effects,5,20,3,300
model_seed,max_error,predictive_alpha_vs_real10kg_mpc_ltv_v3,31000,0.002533125337626276,0.018716174403167,,,1.0388963339623951,,model_seed_aggregate,5,20,3,60
model_seed,max_error,predictive_alpha_vs_real10kg_mpc_ltv_v3,31001,0.0006923059981024872,0.01855641721984118,,,0.28393153419041867,,model_seed_aggregate,5,20,3,60
model_seed,max_error,predictive_alpha_vs_real10kg_mpc_ltv_v3,31002,0.0010528446139378414,0.01760028555519706,,,0.43179719274256045,,model_seed_aggregate,5,20,3,60
model_seed,max_error,predictive_alpha_vs_real10kg_mpc_ltv_v3,31003,0.0010996105785471102,0.01823032534422834,,,0.4509770526828159,,model_seed_aggregate,5,20,3,60
model_seed,max_error,predictive_alpha_vs_real10kg_mpc_ltv_v3,31004,0.0017460447033594063,0.017891528552951994,,,0.7160954155369026,,model_seed_aggregate,5,20,3,60
model_seed_aggregate,max_error,predictive_alpha_vs_real10kg_mpc_ltv_v3,all,0.0014247862463146244,0.000726675588618539,0.0005224993295534539,0.002327073163075795,0.5843395058230186,4.0,five_model_seed_effects,5,20,3,300
model_seed,success_1m,predictive_alpha_vs_real10kg_smc_steady,31000,0.0,0.0,,,0.0,,model_seed_aggregate,5,20,3,60
model_seed,success_1m,predictive_alpha_vs_real10kg_smc_steady,31001,0.0,0.0,,,0.0,,model_seed_aggregate,5,20,3,60
model_seed,success_1m,predictive_alpha_vs_real10kg_smc_steady,31002,0.0,0.0,,,0.0,,model_seed_aggregate,5,20,3,60
model_seed,success_1m,predictive_alpha_vs_real10kg_smc_steady,31003,0.0,0.0,,,0.0,,model_seed_aggregate,5,20,3,60
model_seed,success_1m,predictive_alpha_vs_real10kg_smc_steady,31004,0.0,0.0,,,0.0,,model_seed_aggregate,5,20,3,60
model_seed_aggregate,success_1m,predictive_alpha_vs_real10kg_smc_steady,all,0.0,0.0,0.0,0.0,0.0,4.0,five_model_seed_effects,5,20,3,300
model_seed,success_1m,predictive_alpha_vs_real10kg_mpc_ltv_v3,31000,0.0,0.0,,,0.0,,model_seed_aggregate,5,20,3,60
model_seed,success_1m,predictive_alpha_vs_real10kg_mpc_ltv_v3,31001,0.0,0.0,,,0.0,,model_seed_aggregate,5,20,3,60
model_seed,success_1m,predictive_alpha_vs_real10kg_mpc_ltv_v3,31002,0.0,0.0,,,0.0,,model_seed_aggregate,5,20,3,60
model_seed,success_1m,predictive_alpha_vs_real10kg_mpc_ltv_v3,31003,0.0,0.0,,,0.0,,model_seed_aggregate,5,20,3,60
model_seed,success_1m,predictive_alpha_vs_real10kg_mpc_ltv_v3,31004,0.0,0.0,,,0.0,,model_seed_aggregate,5,20,3,60
model_seed_aggregate,success_1m,predictive_alpha_vs_real10kg_mpc_ltv_v3,all,0.0,0.0,0.0,0.0,0.0,4.0,five_model_seed_effects,5,20,3,300
