path,bytes,sha256
.gitattributes,72,40298dc0a14ebd968b1aa3e1b146396b50791515423e66c12d5bd76d6fdd66f5
.gitignore,166,fe537d5f1b07d8be7e553972b5cf922bbe18fb06469139e32252981107348360
config/pac.yaml,1687,4a128d32a4dc44b95bc54db68428580d4db6527cbe1a8de66acc63aa092bac44
config/pac_v3.yaml,1580,d1fa79ae98d0b14374283701fe54b6d119a78ed3918abf5535eab43194541f9f
pyproject.toml,463,783735d2072a8d596d043e3d89d25781dc13bb32528b09bb498095b762e05921
README.md,2400,3359276823d38ad70eb693154a442f95d7484253af57f32ecbdd274f8f066041
requirements-lock.txt,227,cbd8f2f68cfde0455a7b8ab55bb2de408c6cf38b53c284b5828016fa63970c30
results/3d_authority_diagnosis/sspo_alpha_calibration_seed20_v2_regret/best_bias_schedule.json,115,fc6552c4f07abf0ef81d8cbffa889c9046fb720b8488db7e93d7437c372fc697
results/3d_authority_diagnosis/sspo_alpha_calibration_seed20_v2_regret/raw_metrics.csv,27460,caac81dd13802711e7b6f543066f7e6ac79048744786200f470cfeae649a838b
results/3d_authority_diagnosis/sspo_alpha_calibration_seed20_v2_regret/sspo_bias_search.csv,5639,c9bf5b371f35771519cced6b80ec63fc7096755167adb007f195d2e56aa14bd0
results/3d_authority_diagnosis/sspo_alpha_calibration_seed20_v2_regret/sspo_summary.json,2309,8bdcd01cae05659373a3d88fb9a282e84616442efdf6ad9225dfd2eed4e28d7c
results/3d_authority_diagnosis/sspo_alpha_calibration_seed20_v2_regret/sspo_vs_formal_pac_overall.csv,277,a32adb6c1195add04853748f8072e8123a72ae26c6018c9a4c880f8ca53964d3
results/3d_authority_diagnosis/sspo_alpha_calibration_seed20_v2_regret/sspo_window_regret_summary.csv,2159,691eb7df89410ff2973e58a1543eb3912a155eea8b791f4b6078febb7a6dc267
results/3d_authority_diagnosis/sspo_alpha_calibration_seed20_v2_regret/timeseries/timeseries_3d.csv,41305520,09ff769f74340e2a451c47ee37543b166dad5d9a53a1cc9119fbb3d02c8f79da
results/3d_authority_diagnosis/sspo_alpha_calibration_seed20_v2_regret/window_metrics.csv,139366,10958d1ec3ef314f85a54a89030e0d738e2e70d86bfe47dcd7388155fce066ef
results/figures/formal_seeded_v2/fixed_controllers/axis_window_rmse.png,92073,a1faccc9fc813a3735cde2b6e9fbdaffb212427a376c05e66ce552380cd721bb
results/figures/formal_seeded_v2/fixed_controllers/baseline_overall_metrics.png,96864,64a4fde84f2d14131ac9690f0c40ac18aa3cb97fb025b4356bbb69b5c1d0ac3f
results/figures/formal_seeded_v2/fixed_controllers/timeseries_scenario1_seed20000.png,195264,6c1f367f19474cd13866bdd0da09bdbf94a81ec2ca8c79d36f7a8b5691c93997
results/figures/formal_seeded_v2/fixed_controllers/timeseries_scenario2_seed20000.png,201413,da78a51012499957c79cb887b6c5cc02955650757c8cae8815ec9b27ae40db48
results/figures/formal_seeded_v2/fixed_controllers/timeseries_scenario3_seed20000.png,202596,b3c6c42b7a7b383394096096c9ca489eb830af26fdc5d750bb2eb29a92d7c761
results/figures/formal_seeded_v2/pac_train_seed_20/predictive_alpha_summary.png,57063,e8fd166d9d4b42765c350237cbb69ae1e20c5022d9ece357bd67fc4f9a712ca3
results/figures/formal_seeded_v2/pac_train_seed_21/predictive_alpha_summary.png,57581,8d9a4fde086bc9ad221571f1a785741f03877018607c6bb5361c432607e368c1
results/figures/formal_seeded_v2/pac_train_seed_22/predictive_alpha_summary.png,57421,c2f12a948bede9b5b4ec88dce82efb37981e918c7a6dab11581fe3b6beca51e8
results/figures/formal_seeded_v2/pac_train_seed_23/predictive_alpha_summary.png,56959,fcc434eeb398049d81bc91848c1ad77a2881b4bf8accf5f59a048fd06e5364b2
results/figures/formal_seeded_v2/pac_train_seed_24/predictive_alpha_summary.png,56919,8accc1e2d6f40c3449c327aa4021b0cb4bed202858a2908154b1c68a92d29b3d
results/formal_seeded_v2/fixed_controllers/diagnosis_summary.md,3462,8b61b0312683c3bda8637bbe45160e7e08ccd255dbf34362997a053948e52c7f
results/formal_seeded_v2/fixed_controllers/metadata.json,751,235bfe695a82b8f368a32bbb7ddb449416f94b187923ede8ca76753d942562d9
results/formal_seeded_v2/fixed_controllers/overall_summary.csv,755,c3c30e1482b83622358706303cac7820e819d4329a4021cb8e3cbf44b5e8fe6c
results/formal_seeded_v2/fixed_controllers/raw_metrics.csv,41902,175bfbb56515f5b31d9ef5ae95cfb3b81fa7411627538d432b68ad1fee534007
results/formal_seeded_v2/fixed_controllers/summary_by_controller_scenario.csv,1852,26bd45af915b66ab3c749c27838fe64e0983e379f0980c217391a4e6e6021a72
results/formal_seeded_v2/fixed_controllers/timeseries/timeseries_3d.csv,80854695,c0e0c43ca5683507e2e070dc7769ecef4a4f9a23413f841a98f2d055b3c1cb7a
results/formal_seeded_v2/fixed_controllers/window_metrics.csv,196544,8310b1c4da9977824a209ea0d76b0af71d50f2b0acaa3d746573109bc7c3805a
results/formal_seeded_v2/fixed_controllers/window_summary.csv,1989,975ed2f4cfdfacc26bdb1c23df3ebf1a27938e464a887095946e572ca08d7aa8
results/formal_seeded_v2/formal_protocol_manifest.json,1597,eace677cc7241acca4e2e65b5732c8e8beba6091cdacfc09774dd59b4a261a54
results/formal_seeded_v2/pac_train_seed_20/by_scenario.csv,634,6959dba4637a2b944a24f19f88e06d0f824e8abcea8fea45f233f0135462d82b
results/formal_seeded_v2/pac_train_seed_20/manifest.json,6350,997f3fa1de4b94332c8671b8ff4e93fdec84a3e1a19f1f56e077ef26cdca9824
results/formal_seeded_v2/pac_train_seed_20/overall_summary.csv,562,d3e09e0b4ce0d4c261fc7e422a131d9bb9d14de6b04e7572d77cce0c1c036313
results/formal_seeded_v2/pac_train_seed_20/predictive_alpha_model.pt,64036,df79d7502ccde88ab3bc548925e46a5421372536b6182517d3d23cfaec4e842e
results/formal_seeded_v2/pac_train_seed_20/predictive_alpha_summary.md,1344,dfc4b7c45321eb6d28f76f0d795d71c4e43c0cd5ab3eed6bba7fa7ea8a3a04e8
results/formal_seeded_v2/pac_train_seed_20/raw_metrics.csv,23634,b446eb34e0f0f695e01e219fd55cc58e108c68efca2ff70bfa9820d693f2c3f0
results/formal_seeded_v2/pac_train_seed_20/teacher_alpha_labels.csv,2569198,e235b5ec02d2ad6cc5294a508d54fd8f17b63d880c009983b5031299c050135a
results/formal_seeded_v2/pac_train_seed_20/timeseries/timeseries_3d.csv,34707260,99c4ae610d6701fe7eaccaca611241347972559aa596dad25e900e583b351bf5
results/formal_seeded_v2/pac_train_seed_20/window_metrics.csv,121841,cad2e4aa9f03f1ea731235f6e9fa3d228f4576488c9de0544d8fd9dc47be1889
results/formal_seeded_v2/pac_train_seed_21/by_scenario.csv,636,a613a1af148e340ae95081c188e78f40f93e1bc1e52f81028b758c84ee3580e8
results/formal_seeded_v2/pac_train_seed_21/manifest.json,6350,cf935a1c4756c0e8033dfbdf65d61d9e8147b6d2a9a5891f2970a7a07c61088d
results/formal_seeded_v2/pac_train_seed_21/overall_summary.csv,566,cbb98aa497a2f1f67bb48d3a9d1d6ca32448bafe9b63093c5a7d7ed4f7fb360d
results/formal_seeded_v2/pac_train_seed_21/predictive_alpha_model.pt,64036,15bb249bf729039fc4273cc9b0e56c34f9e70551ed3c28c34031bd1166209c2b
results/formal_seeded_v2/pac_train_seed_21/predictive_alpha_summary.md,1344,d2b6a007b3fc537ecd1e5e18521312b9168c833e189b026521e9609be6d89cfb
results/formal_seeded_v2/pac_train_seed_21/raw_metrics.csv,23718,6ca5ab1dd230e10643b9566fea0760de373965a286106c1f87943565b31e8890
results/formal_seeded_v2/pac_train_seed_21/teacher_alpha_labels.csv,2569198,e235b5ec02d2ad6cc5294a508d54fd8f17b63d880c009983b5031299c050135a
results/formal_seeded_v2/pac_train_seed_21/timeseries/timeseries_3d.csv,34748225,7409653f23c70484cdb5da3768e0120760dfe0d589e6b0ca52bf8c232e36b2b7
results/formal_seeded_v2/pac_train_seed_21/window_metrics.csv,122122,4b62d171b2e8776f9f68b98f92ac6ef70d4b71c7e26daa5ad32d196ff34780b1
results/formal_seeded_v2/pac_train_seed_22/by_scenario.csv,636,37ce8318e7f4cae322078de07496c8c1112d76e05a6bea3380787d96c3c5d9a3
results/formal_seeded_v2/pac_train_seed_22/manifest.json,6350,feb3e800e6fc8b782263a9167c17365a3ca03c7dcc90cd9d9423aad6e9804546
results/formal_seeded_v2/pac_train_seed_22/overall_summary.csv,565,6ba9274e6592744be2a33cc293ca03e89436f282bb01ac326886c0eb9acad226
results/formal_seeded_v2/pac_train_seed_22/predictive_alpha_model.pt,64036,f2bb92f9afcc3c19c7850b798b2f03ed418ed113e11112b0bf613dc1fd327743
results/formal_seeded_v2/pac_train_seed_22/predictive_alpha_summary.md,1342,b25525e69f614e561be1cf8da6ff91b2f7407f0594bab052bc1c34f4e197547a
results/formal_seeded_v2/pac_train_seed_22/raw_metrics.csv,23676,55d92de9707daffb6972147f36eb71f69cf9f5816a3e6675b3456e5866ddcd25
results/formal_seeded_v2/pac_train_seed_22/teacher_alpha_labels.csv,2569198,e235b5ec02d2ad6cc5294a508d54fd8f17b63d880c009983b5031299c050135a
results/formal_seeded_v2/pac_train_seed_22/timeseries/timeseries_3d.csv,34700914,8431e487a461259d5a19ba551a0e680d1b12ac93ebb49539dbd021aa6eb7798d
results/formal_seeded_v2/pac_train_seed_22/window_metrics.csv,122064,c3956cd63dddc8359d73059fe97047042b1bb5f244423269062cc88c13edbdee
results/formal_seeded_v2/pac_train_seed_23/by_scenario.csv,638,46c05158cf9f1178f39ea2716da92b279e84763a06377bbc5e4cdcc98d53ce39
results/formal_seeded_v2/pac_train_seed_23/manifest.json,6350,e70d23f7334c7f8a998f0c0f9e9fc3575fb261555e28489402c4cb9e77da057f
results/formal_seeded_v2/pac_train_seed_23/overall_summary.csv,565,87b18fd9ec9ae8a2640816a060152c61a3b3b9f52fcab0dc613eb55bf11ba2fb
results/formal_seeded_v2/pac_train_seed_23/predictive_alpha_model.pt,64036,a406357b99cde47c935fb7d6f9e5a58ecff0546ff3918756e0a155a5f8964207
results/formal_seeded_v2/pac_train_seed_23/predictive_alpha_summary.md,1342,df45e54a9ed7a855a0fa000006d895252a5c2c0279746d55812dae6ad83cd89d
results/formal_seeded_v2/pac_train_seed_23/raw_metrics.csv,23731,043426aa52b8528d2e3a3127b4c61b4af49ce8e6852973e8d0dfe54af02a5da3
results/formal_seeded_v2/pac_train_seed_23/teacher_alpha_labels.csv,2569198,e235b5ec02d2ad6cc5294a508d54fd8f17b63d880c009983b5031299c050135a
results/formal_seeded_v2/pac_train_seed_23/timeseries/timeseries_3d.csv,34721843,3c9b2e4b93ad811159e5b9d507e28bc8ac6f211bc397091e4dc5bf569ea7bf40
results/formal_seeded_v2/pac_train_seed_23/window_metrics.csv,122323,32919079e9f4d52a4943dbe7827aef0da4e8b2547d0d6db6045a00a0e5cab71c
results/formal_seeded_v2/pac_train_seed_24/by_scenario.csv,636,91f417b9b0e33dd4b345ed25bbe55dcc6d29a64756d4d67db36678353cd7396e
results/formal_seeded_v2/pac_train_seed_24/manifest.json,6350,103e7f2782c2f488855ee1cd24fc9e5ca27563b90bfd98dbb984f60875a4374c
results/formal_seeded_v2/pac_train_seed_24/overall_summary.csv,565,690ba6b75c6e0fa10ab52d0b48a0220d94a9173dfa7abd04318d657a4130d260
results/formal_seeded_v2/pac_train_seed_24/predictive_alpha_model.pt,64036,70e79b563c20b15f8814e8c717c8e6ba753d47a66ea9bd52f813a68d7e0d32b2
results/formal_seeded_v2/pac_train_seed_24/predictive_alpha_summary.md,1344,0eed0478476e74f82c91bc1716fd752f20da58a6bbd0ca3f207f96330270af89
results/formal_seeded_v2/pac_train_seed_24/raw_metrics.csv,23746,b1aed41eb2416c8f2471d7f94bde1f0d33b749c96dbce2e419878d512d605472
results/formal_seeded_v2/pac_train_seed_24/teacher_alpha_labels.csv,2569198,e235b5ec02d2ad6cc5294a508d54fd8f17b63d880c009983b5031299c050135a
results/formal_seeded_v2/pac_train_seed_24/timeseries/timeseries_3d.csv,34715786,2aaad5befbc59f0ee0c26da2ed0d1ed4c425f7711ded53e149b2178186d29b98
results/formal_seeded_v2/pac_train_seed_24/window_metrics.csv,121956,d9e21856904edef6750139dbd120c96fa21198b6cc81605d2074b9130dd0cf8e
results/formal_seeded_v2/raw_metrics.csv,111243,499afd9646a7a46216e9b0b9ed67aa46662a6ca545e281cafcb36658fbd4bf51
results/formal_seeded_v2/window_metrics.csv,586810,1eb303d8fc60a277daff97133f58d55c4de3ceea8ae1ec18ff3fd75f0baaea16
scripts/run_formal_seeded_protocol.py,21854,112fabf4a8f285c62c21424a433a98b86a8d23c068440b98970bc05c26644dd9
scripts/sspo_alpha_calibration.py,26136,4144e5b0cfb858de73cd3ac2633ac7c2e0ae14c86cb46ff6201771ef3d17ad81
scripts/summarize_formal_results.py,990,bd525bb3ac0095a05058c9c28fc1952d9a635b12e91a3c43cd5edfbcdb2582c3
scripts/update_release_manifest.py,1542,3d9ddcec667954640a10e1ce92bacd234f140ce4763eae456e286d0257d00325
scripts/verify_repository.py,10491,dedb5fe91ab44750dcd81b2b8a1126b663233335f1994da959b8c756359b5e75
src/pac/__init__.py,70,220363fa4effdd8f7d73b3caa497410a0f9f11186e5f8a58c14556aa29f594de
src/pac/authority/__init__.py,51,9631bc7bbc7bafb6dc7d8f89db243e7dded3e6e618fdaed77d16cd83baa399be
src/pac/authority/evaluation.py,11220,1d69b0fd57e8dd708f2ded72a5c3c2eb310e22c390593ea72a0eca0eb3b79dff
src/pac/authority/features.py,2109,2a948fca59a210f4ea10da3da8958662abb758d931ee9025d4848f7371180bc3
src/pac/authority/model.py,10050,2350f5ffad010a71e4f9ce448fa9af9cba727c24512b70e26fe146ccc396d54e
src/pac/authority/pipeline.py,16123,369902040d5e7e8a8e060e62547f4f96a72837aa64b056b46e0b39df53e71171
src/pac/authority/training.py,9575,704526b6633266acad1602c994f7b6d92d3508a8234ec2ae0d41ff3b821d5920
src/pac/config.py,8511,836da1f03a4608e3f71b08ad50ffea4764b67f1c0a808cab4dbb745aa8160e6e
src/pac/experiment_config.py,12530,a1119fd72936138b1f6f568b1cb2449b9d1d4345e318700dc57a55e6ccfded27
src/pac/controllers/__init__.py,42,1f59f1aea69cdf2c3b616585e5fb7b2ee94ef6abd08ba4eee52d106c685b0b1a
src/pac/controllers/mpc.py,3785,d279b77ea1d12d4eb5087f5d937359c19e1580908f36fddb33822ff4d4c709be
src/pac/controllers/presets.py,1396,1514869781891ffd2f2bb25028a90d1a819c608a631de864db47bd973749b2c4
src/pac/controllers/smc.py,6181,f689bb0fe86c71beb642ca94673e982787cb5bae5ed326fdae27a7042df42e4e
src/pac/evaluation/__init__.py,46,b2d86e3813b909999746923595b4df1a5eaa257178055a662ecc9dd0be53094e
src/pac/evaluation/diagnostics.py,12820,d1914809a03ff60d65ab430e357558328565a28401afbaef65a95e2020602b29
src/pac/evaluation/episodes.py,9138,a928da26cca85465584cdc0fddef6fbfe662e637cbe91cecac28d3fa731b89cc
src/pac/evaluation/metrics.py,4988,9258f7cf485ee6af5be789dcd4e5d52d489461282337f0d694b2278dea97812d
src/pac/evaluation/seeds.py,1297,d206ed58031c54aa7a7f688725a9b5e28493c12a105797c913098bcbebdbaa42
src/pac/evaluation/summary.py,1369,9ae46320bc0bee9f4713810340bfc1ca25332ecfeb5543c236f09d18035a72a5
src/pac/repository.py,1360,e52b4b89c4a58dee92e206376b4b51addf9e4f002165485dc84bb14c91038fb4
src/pac/simulation/__init__.py,41,b606757d8e0d91d9d3b1582cc9550f2e05005eac6fbc932e8c57d6b727dfa905
src/pac/simulation/core.py,6082,10756ee0b629dad7b9c9c388fc97825f1f5e08af05646168eec17d5846c254f3
src/pac/simulation/dynamics.py,4364,39e8646bf4e6e45b10bf59dc62f22db5b373c4df811c68f87890518c1a0575e1
src/pac/simulation/environment.py,3841,835bc9239e9005265ccb15845679e6bccc8952a104ed145d61d2b2d41fb30175
src/pac/simulation/thrusters.py,2776,2ae2f45615ebc1b5930d140eb628ade02802f782b2940577f2e6a0c84574b904
src/pac/simulation/vehicle_profiles.py,2138,c4ed5cfcdc1d5a08ab2f6729ef9b9b5ca3fc660c5b8e4e8d4de680f890ff929b
tests/__init__.py,1,01ba4719c80b6fe911b091a7c05124b64eeece964e09c058ef8f9805daca546b
tests/test_config.py,2498,ff9aa1e2b8c9a19994d5fdccd1861e090a9dfcc955c5e5e78eeeb19e68d8bab5
tests/test_controller_presets.py,1005,8f8efbac5f351f5cf0547b0a70f79e3337b4c3a121a9e4e65aee97d160f98fab
tests/test_experiment_config.py,9915,3414ef36f4f3f17d3273bd4bad93a7e81e8af092a924dcc7f2650ef5a3f4ba88
tests/test_formal_seeded_protocol.py,11405,581624d095f5a9b211d3806055bfaf8d83c05132ae8fadef3bde51d57a2b37f0
tests/test_formal_summary.py,1412,51507711bdd992cc6b3afab61e867e80f08daca627a38f831c4886e2f96256c6
tests/test_numerical_compatibility.py,5721,9813f6e542a27961b779637e919117d0f520dc5ad8413e1331ee87121ddb8eec
tests/test_repository_identity.py,4761,22c38a4ea07215b628f50ce7ffec814562f726c5c1736f09a262508b328c889b
tests/test_repository_integrity.py,3460,44e72f63dc7c6505eaaa9803a5af3746a912d6d11e3ee0a1c7a67f6c65f79df5
tests/test_seeded_evaluation_variation.py,1369,04a1412e7390df74c1a4bad6cbb78e27c2f1fb7762c1020a16d7e166bb420b0b
tests/test_seed_schema.py,1410,839fb4a6ef5954c27365119bd21416a9eeafb24e993c4c271664344a4269d414
tests/test_simulation_core.py,1693,2b472dd94af78f0f3a28ad8b4f39811cc9237ceabb428c4f78eb8f7c97e5507c
tests/test_smoke_workflow.py,2073,6f2210e375ad33152061686bd17627ace8f21208575646dc49c08c3807ccd0c8
tests/test_sspo_alpha_calibration.py,4091,c89e1281b4c545147a636e42306876a92e6aba3e5fd7015d5d715d4eac63f9c0
