iteration,window,bias,score,schedule_json
0,startup_0_3s,-0.05,0.05970794527341793,"{""post_step_13_20p9s"": 0.0, ""pre_step_3_10s"": 0.0, ""startup_0_3s"": -0.05, ""step_recovery_10_13s"": 0.0}"
0,startup_0_3s,0.1,0.058237901150555875,"{""post_step_13_20p9s"": 0.0, ""pre_step_3_10s"": 0.0, ""startup_0_3s"": 0.1, ""step_recovery_10_13s"": 0.0}"
0,startup_0_3s,0.2,0.05840976338482915,"{""post_step_13_20p9s"": 0.0, ""pre_step_3_10s"": 0.0, ""startup_0_3s"": 0.2, ""step_recovery_10_13s"": 0.0}"
0,startup_0_3s,0.3,0.05870100576961097,"{""post_step_13_20p9s"": 0.0, ""pre_step_3_10s"": 0.0, ""startup_0_3s"": 0.3, ""step_recovery_10_13s"": 0.0}"
0,pre_step_3_10s,-0.05,0.056724109489746134,"{""post_step_13_20p9s"": 0.0, ""pre_step_3_10s"": -0.05, ""startup_0_3s"": 0.1, ""step_recovery_10_13s"": 0.0}"
0,pre_step_3_10s,0.1,0.05662557345445064,"{""post_step_13_20p9s"": 0.0, ""pre_step_3_10s"": 0.1, ""startup_0_3s"": 0.1, ""step_recovery_10_13s"": 0.0}"
0,pre_step_3_10s,0.2,0.05660505842623711,"{""post_step_13_20p9s"": 0.0, ""pre_step_3_10s"": 0.2, ""startup_0_3s"": 0.1, ""step_recovery_10_13s"": 0.0}"
0,pre_step_3_10s,0.3,0.056592875428520505,"{""post_step_13_20p9s"": 0.0, ""pre_step_3_10s"": 0.3, ""startup_0_3s"": 0.1, ""step_recovery_10_13s"": 0.0}"
0,step_recovery_10_13s,-0.05,0.05675412192475558,"{""post_step_13_20p9s"": 0.0, ""pre_step_3_10s"": 0.3, ""startup_0_3s"": 0.1, ""step_recovery_10_13s"": -0.05}"
0,step_recovery_10_13s,0.1,0.05634845571237161,"{""post_step_13_20p9s"": 0.0, ""pre_step_3_10s"": 0.3, ""startup_0_3s"": 0.1, ""step_recovery_10_13s"": 0.1}"
0,step_recovery_10_13s,0.2,0.056225573023498274,"{""post_step_13_20p9s"": 0.0, ""pre_step_3_10s"": 0.3, ""startup_0_3s"": 0.1, ""step_recovery_10_13s"": 0.2}"
0,step_recovery_10_13s,0.3,0.05615917510456808,"{""post_step_13_20p9s"": 0.0, ""pre_step_3_10s"": 0.3, ""startup_0_3s"": 0.1, ""step_recovery_10_13s"": 0.3}"
0,post_step_13_20p9s,-0.05,0.05617350047279517,"{""post_step_13_20p9s"": -0.05, ""pre_step_3_10s"": 0.3, ""startup_0_3s"": 0.1, ""step_recovery_10_13s"": 0.3}"
0,post_step_13_20p9s,0.1,0.056140428610053014,"{""post_step_13_20p9s"": 0.1, ""pre_step_3_10s"": 0.3, ""startup_0_3s"": 0.1, ""step_recovery_10_13s"": 0.3}"
0,post_step_13_20p9s,0.2,0.05613275126354785,"{""post_step_13_20p9s"": 0.2, ""pre_step_3_10s"": 0.3, ""startup_0_3s"": 0.1, ""step_recovery_10_13s"": 0.3}"
0,post_step_13_20p9s,0.3,0.05613216783631981,"{""post_step_13_20p9s"": 0.3, ""pre_step_3_10s"": 0.3, ""startup_0_3s"": 0.1, ""step_recovery_10_13s"": 0.3}"
