split,model,horizon_step,position_rmse,position_mean_error
val,physics_realized,1,2.337613212903782e-06,7.595745768956973e-07
val,physics_realized,2,9.154879203504602e-06,2.8712484747105675e-06
val,physics_realized,3,2.0172243554341425e-05,6.317540081586219e-06
val,physics_realized,4,3.5154453987482924e-05,1.106242493773486e-05
val,physics_realized,5,5.387835588354755e-05,1.705705608306339e-05
val,physics_realized,6,7.617930983009535e-05,2.4275433004795723e-05
val,physics_realized,7,0.1172810173602336,0.01768886930653485
val,physics_realized,8,0.11743347356348703,0.017722105637355892
val,physics_realized,9,0.11760964214398495,0.01775993724584511
val,physics_realized,10,0.1178092094657642,0.01780228006925145
val,physics_realized,11,0.11803194992483189,0.017849019849070304
val,physics_realized,12,0.1182777667122122,0.01790009515316154
val,physics_realized,13,0.11854657880042999,0.017955434832207254
val,physics_realized,14,0.11883815459175279,0.018014956984296202
val,physics_realized,15,0.16512451687593957,0.035298547807344136
val,physics_realized,16,0.16537719923175612,0.03536893684062987
val,physics_realized,17,0.16565841642908435,0.035445896462865376
val,physics_realized,18,0.1659665341066548,0.0355290380990339
val,physics_realized,19,0.16630006659546154,0.03561799978447571
val,physics_realized,20,0.16665762590399713,0.03571243758681371
val,physics_persistence,1,5.9158365687472066e-06,4.459574777905718e-06
val,physics_persistence,2,2.4047815871125835e-05,1.7677249411775033e-05
val,physics_persistence,3,5.5041897594603086e-05,3.9685346182753664e-05
val,physics_persistence,4,9.993777192531248e-05,7.101304710150678e-05
val,physics_persistence,5,0.00016078405186326918,0.00011304464589229876
val,physics_persistence,6,0.00024002017699892652,0.0001666439603051892
val,physics_persistence,7,0.11728043342315722,0.01788388018368724
val,physics_persistence,8,0.11743925921130746,0.017981556651204864
val,physics_persistence,9,0.11762405660303436,0.018091033447694208
val,physics_persistence,10,0.11783280538188666,0.018211101192830884
val,physics_persistence,11,0.11806386604803727,0.018341567253778057
val,physics_persistence,12,0.11831599494365952,0.018482957539137024
val,physics_persistence,13,0.11858817720801222,0.018634667174786557
val,physics_persistence,14,0.11887941960004474,0.018795217219303027
val,physics_persistence,15,0.16513536077303753,0.03615533362976482
val,physics_persistence,16,0.16539119632394975,0.03633093056714484
val,physics_persistence,17,0.16567738733799395,0.03651622941681875
val,physics_persistence,18,0.16599092184917807,0.03671158966944985
val,physics_persistence,19,0.16632924139416363,0.03691725432261352
val,physics_persistence,20,0.16669015993175051,0.03713324240455326
val,member0,1,5.659281409574646e-06,4.007573238477446e-06
val,member0,2,2.2287946219859507e-05,1.4777159260378591e-05
val,member0,3,5.086275451299677e-05,3.270803584491594e-05
val,member0,4,9.275073785627722e-05,5.8409730272404725e-05
val,member0,5,0.00015029491027617042,9.346160617434643e-05
val,member0,6,0.0002258803938404049,0.00013860228842581514
val,member0,7,0.1172849851597816,0.017846876855025336
val,member0,8,0.11744515154571362,0.017933713416993586
val,member0,9,0.11763137955230041,0.01803118478234016
val,member0,10,0.11784184829513895,0.018138323988896945
val,member0,11,0.11807512939836032,0.018254940833948477
val,member0,12,0.11833005154192243,0.01838151016665468
val,member0,13,0.1186055803244079,0.018517340777112302
val,member0,14,0.11890065291059874,0.018660790440289052
val,member0,15,0.16516086786484172,0.03600752582745904
val,member0,16,0.16542107534990794,0.03616395277498422
val,member0,17,0.16571186871072724,0.03632830338891966
val,member0,18,0.16603024051740295,0.036500960627050105
val,member0,19,0.1663736893463503,0.036682221426138466
val,member0,20,0.16674009648766064,0.03687236422415183
val,ensemble,1,5.459153671687612e-06,3.64431648644298e-06
val,ensemble,2,2.1711462497586794e-05,1.4027695442279401e-05
val,ensemble,3,4.9689212748526286e-05,3.143883497547654e-05
val,ensemble,4,9.104603033994389e-05,5.677691263297759e-05
val,ensemble,5,0.0001486177107108339,9.16503012116171e-05
val,ensemble,6,0.00022492111070708892,0.00013686105963079708
val,ensemble,7,0.11728479696466726,0.017845458451364885
val,ensemble,8,0.11744485635545719,0.01793266574734466
val,ensemble,9,0.11763100304935685,0.01803045695534302
val,ensemble,10,0.1178413387663181,0.018137880009852947
val,ensemble,11,0.1180743190115332,0.01825472071536308
val,ensemble,12,0.11832875953283029,0.01838164647203854
val,ensemble,13,0.11860372462475187,0.018518017570185345
val,ensemble,14,0.11889829450612617,0.018662355113499483
val,ensemble,15,0.16516031946229598,0.036011804578166634
val,ensemble,16,0.1654205820756697,0.03617030705275452
val,ensemble,17,0.1657115968307578,0.0363370555428597
val,ensemble,18,0.1660303680848074,0.03651241847529684
val,ensemble,19,0.16637434142547253,0.03669659964942017
val,ensemble,20,0.1667413379265274,0.03688988562878653
val,ensemble_conservative,1,5.4581682094266165e-06,3.6426032662469832e-06
val,ensemble_conservative,2,2.1690925625592935e-05,1.3956928889601694e-05
val,ensemble_conservative,3,4.965083373476092e-05,3.1282907542407e-05
val,ensemble_conservative,4,9.095164563419161e-05,5.6465098254034624e-05
val,ensemble_conservative,5,0.00014838737507708066,9.112526198067368e-05
val,ensemble_conservative,6,0.00022447670404190129,0.00013605632688527974
val,ensemble_conservative,7,0.117284753382027,0.017844298280892304
val,ensemble_conservative,8,0.11744475907670628,0.017931077422224974
val,ensemble_conservative,9,0.11763082990134542,0.018028382714674284
val,ensemble_conservative,10,0.11784097057401763,0.01813524017253819
val,ensemble_conservative,11,0.1180735388301233,0.018251414625368667
val,ensemble_conservative,12,0.11832727668390697,0.01837756722877518
val,ensemble_conservative,13,0.11860120718247472,0.018513047628446636
val,ensemble_conservative,14,0.11889440455612467,0.018656408509610208
val,ensemble_conservative,15,0.16515626976334868,0.036004766440904244
val,ensemble_conservative,16,0.1654151030772341,0.03616213594533539
val,ensemble_conservative,17,0.16570452942486927,0.03632772485245259
val,ensemble_conservative,18,0.16602150761120182,0.03650188110033708
val,ensemble_conservative,19,0.1663634819799564,0.03668482057046943
val,ensemble_conservative,20,0.1667282627994061,0.03687680077217193
test,physics_realized,1,2.005309659570547e-05,6.057691928500012e-06
test,physics_realized,2,7.827611141750319e-05,2.3650913930964944e-05
test,physics_realized,3,0.00017202463038880735,5.224144142086191e-05
test,physics_realized,4,0.00029893419526464104,9.130583417366079e-05
test,physics_realized,5,0.0004568758204862627,0.00014037232709073627
test,physics_realized,6,0.0006439477529994705,0.00019902643255589232
test,physics_realized,7,0.13888133400184507,0.022835463518056875
test,physics_realized,8,0.1390384850659491,0.022949180176623857
test,physics_realized,9,0.13921935007113176,0.02307527130898763
test,physics_realized,10,0.1394223047804962,0.023212967049578842
test,physics_realized,11,0.13964569807026664,0.023361514263956353
test,physics_realized,12,0.13988788717154857,0.0235202066174499
test,physics_realized,13,0.14014721388483653,0.02368835522794696
test,physics_realized,14,0.14042187715982146,0.023865269906070147
test,physics_realized,15,0.19310140789526578,0.04604122249004562
test,physics_realized,16,0.19338128017622397,0.04625645926592565
test,physics_realized,17,0.19368572305077442,0.04648272399259451
test,physics_realized,18,0.19401186413140203,0.046718979607014585
test,physics_realized,19,0.19435695219900878,0.04696423918193743
test,physics_realized,20,0.19471835831148482,0.047217570148801354
test,physics_persistence,1,2.013362684174678e-05,9.343476215276816e-06
test,physics_persistence,2,7.870982967466211e-05,3.6908375854191215e-05
test,physics_persistence,3,0.0001733540335736886,8.22344413535298e-05
test,physics_persistence,4,0.00030192201721394917,0.00014484258631128813
test,physics_persistence,5,0.0004628663989894444,0.00022472451629358662
test,physics_persistence,6,0.0006549350144575694,0.00032203851367096153
test,physics_persistence,7,0.13888997668591815,0.022998771412458034
test,physics_persistence,8,0.13906224621605273,0.023166392749982206
test,physics_persistence,9,0.13926590301824981,0.02335470874692997
test,physics_persistence,10,0.13949808582345138,0.023562768260133985
test,physics_persistence,11,0.1397561741686818,0.023789634119892447
test,physics_persistence,12,0.1400377303038076,0.0240346277590377
test,physics_persistence,13,0.14034045959695393,0.024297380924690894
test,physics_persistence,14,0.14066215147467293,0.024577518012500844
test,physics_persistence,15,0.19332260092094355,0.04682706939825457
test,physics_persistence,16,0.19365304668064634,0.047159144670576345
test,physics_persistence,17,0.19401657017644702,0.047511584635838815
test,physics_persistence,18,0.1944094314703227,0.047883199754637625
test,physics_persistence,19,0.19482828392373647,0.04827295883626491
test,physics_persistence,20,0.19527012477676892,0.04868029779769821
test,member0,1,4.490182365146325e-05,1.7291409319246067e-05
test,member0,2,0.00013254316498965808,5.80619071985785e-05
test,member0,3,0.0002851582769029959,0.00012760393327206998
test,member0,4,0.0004998983085769828,0.00022492279780478655
test,member0,5,0.0007724251117444698,0.0003489981385257844
test,member0,6,0.0010991837711126896,0.0004991446599530867
test,member0,7,0.13889363971865354,0.023231148816437872
test,member0,8,0.13906927681423534,0.02346611181233374
test,member0,9,0.13927752629973228,0.02372959528949515
test,member0,10,0.1395157286960709,0.02402017686605579
test,member0,11,0.1397815080830757,0.024336890091399756
test,member0,12,0.14007268542447332,0.024678839290227874
test,member0,13,0.1403872452423036,0.02504531733505984
test,member0,14,0.1407233119561902,0.02543608911053525
test,member0,15,0.1933819473475505,0.04779140090635777
test,member0,16,0.19372919747997552,0.04824836394716513
test,member0,17,0.19411208802913787,0.048732573528889434
test,member0,18,0.19452704993332523,0.049242282003764
test,member0,19,0.19497098945111707,0.04977579054346318
test,member0,20,0.19544118633770405,0.05033215583017537
test,ensemble,1,3.371344244997192e-05,1.5309804974579932e-05
test,ensemble,2,0.00010849701931210957,5.270795308366046e-05
test,ensemble,3,0.00023791340575675656,0.00011649572383576262
test,ensemble,4,0.0004150783703366452,0.00020454183740314076
test,ensemble,5,0.0006332789879313021,0.00031498291484185814
test,ensemble,6,0.0008876465218263729,0.00044664163683299195
test,ensemble,7,0.13889412697955872,0.023153315430151797
test,ensemble,8,0.1390685870623876,0.023359589435436905
test,ensemble,9,0.1392748680956927,0.02358948761213498
test,ensemble,10,0.13951008577468293,0.023842083774888338
test,ensemble,11,0.1397716198267828,0.02411674777597727
test,ensemble,12,0.14005707438316556,0.024413136007889025
test,ensemble,13,0.1403642497972391,0.024731217767320457
test,ensemble,14,0.14069108641640105,0.02507107283298991
test,ensemble,15,0.19335136003638334,0.047368504980507015
test,ensemble,16,0.19368910745596757,0.04777020713079555
test,ensemble,17,0.19406092489928226,0.04819723047657316
test,ensemble,18,0.1944631421364498,0.04864839800210893
test,ensemble,19,0.19489254621322144,0.04912248657364359
test,ensemble,20,0.19534632294462234,0.04961892716735676
test,ensemble_conservative,1,1.9846166723400706e-05,8.938748461201662e-06
test,ensemble_conservative,2,7.757926039964524e-05,3.5038257505152e-05
test,ensemble_conservative,3,0.0001711581400519375,7.815249684086515e-05
test,ensemble_conservative,4,0.00029852730232324823,0.00013794139471023516
test,ensemble_conservative,5,0.00045825549796273135,0.00021460341048558804
test,ensemble_conservative,6,0.0006492600357879407,0.0003085539842082874
test,ensemble_conservative,7,0.13888500724794509,0.02298168638833103
test,ensemble_conservative,8,0.13905594784816183,0.023145897307163762
test,ensemble_conservative,9,0.13925808284016244,0.02333124971138359
test,ensemble_conservative,10,0.13948852339613588,0.023536662252838778
test,ensemble_conservative,11,0.13974462323787928,0.02376128589758434
test,ensemble_conservative,12,0.14002393908391006,0.024004589998370608
test,ensemble_conservative,13,0.14032417683965737,0.024266448206765576
test,ensemble_conservative,14,0.14064315410720185,0.02454676206693152
test,ensemble_conservative,15,0.19330457441422844,0.04679797742722891
test,ensemble_conservative,16,0.19363267493034714,0.047132581224803884
test,ensemble_conservative,17,0.19399371548094999,0.04748872890623721
test,ensemble_conservative,18,0.1943839039750293,0.047865287182134404
test,ensemble_conservative,19,0.19479987711271293,0.04826099869924839
test,ensemble_conservative,20,0.19523865145518365,0.048675272403632154
