split,group,label,rows_pure,physics_position_rmse_pure,member0_position_rmse_pure,ensemble_position_rmse_pure,physics_velocity_rmse_pure,ensemble_velocity_rmse_pure,ensemble_position_std_mean_pure,rows_physics_residual,physics_position_rmse_physics_residual,member0_position_rmse_physics_residual,ensemble_position_rmse_physics_residual,physics_velocity_rmse_physics_residual,ensemble_velocity_rmse_physics_residual,ensemble_position_std_mean_physics_residual,degradation_factor
val,all,all,134400,2.4000449180603027,0.014526829123497,0.014526829123497,2.114049434661865,0.1752425730228424,0.008946674875915,134400,7.189157713582972e-06,6.745128303009551e-06,6.745128303009551e-06,0.0014287711819633,0.0013245969312265,4.042416037464136e-07,2153.6772127841364
val,family,actuator_delay_noise,16800,2.4032442569732666,0.0257759690284729,0.0257759690284729,2.215903282165528,0.2013204991817474,0.0140019403770565,16800,8.931840056902729e-06,8.552830877306405e-06,8.552830877306405e-06,0.0017763787182047,0.0016942572547122,4.6841333301017595e-07,3013.7353816810983
val,family,colored_noise,16800,2.396014451980591,0.013060824945569,0.013060824945569,2.095186233520508,0.1731645613908767,0.0093042831867933,16800,1.359722409688402e-05,1.3255777048470918e-05,1.3255777048470918e-05,0.0027015707455575,0.0026087672449648,4.797491897079453e-07,985.2930460289836
val,family,mass_damping_mismatch,16800,2.401287078857422,0.0132334409281611,0.0132334409281611,2.0985238552093506,0.1700186133384704,0.0079282000660896,16800,3.570581156964181e-06,2.6344253001298057e-06,2.6344253001298057e-06,0.0007086312398314,0.0004831065016333,3.6337257824925473e-07,5023.2743086353785
val,family,ou_current,16800,2.3964285850524902,0.0105085866525769,0.0105085866525769,2.0964457988739014,0.1720089167356491,0.0076791462488472,16800,4.4893431550008245e-06,3.932861545763444e-06,3.932861545763444e-06,0.0008920676191337,0.0007821061881259,3.966937924815284e-07,2671.9950677889888
val,family,random_freq_amp,16800,2.399697542190552,0.0105683887377381,0.0105683887377381,2.100280284881592,0.170555979013443,0.0072397142648696,16800,3.50130881088262e-06,2.593284079921432e-06,2.593284079921432e-06,0.0006951767136342,0.0004766842466779,3.797864849275357e-07,4075.2915654571434
val,family,structured,50400,2.4012258052825928,0.0123288156464695,0.0123288156464695,2.10107421875,0.1708615720272064,0.00847337115556,50400,5.877845524082659e-06,5.353341293812264e-06,5.353341293812264e-06,0.0011684572091326,0.0010468956315889,3.819724838649563e-07,2303.013196771134
val,scenario,1,16800,2.399785280227661,0.0109995603561401,0.0109995603561401,2.1013343334198,0.1742251366376876,0.0089415125548839,16800,3.2678931347618345e-06,2.288237055836362e-06,2.288237055836362e-06,0.0006487954524345,0.0004173219203948,3.8858934203744877e-07,4807.002110242335
val,scenario,2,84000,2.39897084236145,0.0121152224019169,0.0121152224019169,2.0982038974761963,0.1704406291246414,0.0080228522419929,84000,6.972570190555416e-06,6.512135314551415e-06,6.512135314551415e-06,0.0013851359253749,0.0012742696562781,3.96720707840359e-07,1860.407042655478
val,scenario,3,33600,2.4028570652008057,0.0204125773161649,0.0204125773161649,2.159367084503174,0.1871833950281143,0.0112588116899132,33600,8.936136509873904e-06,8.564417839806993e-06,8.564417839806993e-06,0.0017772383289411,0.0016946212854236,4.308699033117591e-07,2383.4167946930665
test,all,all,672000,2.413146734237671,0.1562985926866531,0.1562985926866531,2.214665412902832,0.3887373208999634,0.0241109915077686,672000,7.657643436687067e-06,7.352425200224388e-06,7.352425200224388e-06,0.0015214199665933,0.0014607949415221,2.604940618766705e-06,21258.100345159994
test,family,actuator_delay_noise,84000,2.3867690563201904,0.4246982932090759,0.4246982932090759,2.858271837234497,0.926154851913452,0.094555988907814,84000,8.350396456080489e-06,8.066235750447959e-06,8.066235750447959e-06,0.0016614414053037,0.0016093513695523,1.5342757251346484e-06,52651.36134726663
test,family,colored_noise,84000,2.397002458572388,0.0224844347685575,0.0224844347685575,2.099082946777344,0.1789377629756927,0.0134556014090776,84000,1.30169710246264e-05,1.2865329154010396e-05,1.2865329154010396e-05,0.0025846678763628,0.002573896665126,1.8383740325589315e-06,1747.6766042591785
test,family,mass_damping_mismatch,84000,2.3936104774475098,0.0177445728331804,0.0177445728331804,2.0997061729431152,0.1756968796253204,0.0115661779418587,84000,2.9855252705601742e-06,1.9184644770575687e-06,1.9184644770575687e-06,0.0005928924656473,0.0003513027913868,4.345073989497905e-07,9249.36220888281
test,family,ou_current,84000,2.3970272541046143,0.0149217071011662,0.0149217071011662,2.104512453079224,0.1723085343837738,0.0100151589140295,84000,1.0140657650481444e-05,9.905002116283868e-06,9.905002116283868e-06,0.0020142088178545,0.0019777289126068,8.197548595489934e-07,1506.4819700174367
test,family,random_freq_amp,84000,2.5247414112091064,0.1164790093898773,0.1164790093898773,2.1396024227142334,0.4159175753593445,0.0381637178361415,84000,3.919333266821923e-06,3.86231795346248e-06,3.86231795346248e-06,0.0007773897377774,0.0007444603252224,1.5057447853905614e-05,30157.799226616375
test,family,structured,252000,2.4010071754455566,0.0123144015669822,0.0123144015669822,2.101304054260254,0.1689230650663375,0.0083770919591188,252000,5.854851224285085e-06,5.328456154529704e-06,5.328456154529704e-06,0.0011638959404081,0.0010436114389449,3.850556140605477e-07,2311.063694596373
test,scenario,1,84000,2.3992178440093994,0.0111120333895087,0.0111120333895087,2.103814125061035,0.1707378774881363,0.0089197903871536,84000,3.291760776846786e-06,2.316465497642639e-06,2.316465497642639e-06,0.0006535666761919,0.0004255840030964,3.9012428487694716e-07,4796.977723526168
test,scenario,2,420000,2.42333459854126,0.0543594732880592,0.0543594732880592,2.10868763923645,0.242069199681282,0.0162208434194326,420000,7.868556167522911e-06,7.606778126501013e-06,7.606778126501013e-06,0.001562446122989,0.0015134519198909,3.7024035464128247e-06,7146.188883658636
test,scenario,3,168000,2.3944954872131348,0.3004461526870727,0.3004461526870727,2.507896423339844,0.6658808588981628,0.0514319539070129,168000,8.622917448519729e-06,8.300115950987674e-06,8.300115950987674e-06,0.0017152859363704,0.0016488741384819,9.686916655482491e-07,36197.82596546992
