block,method,model_seed,rmse_3d,heading_rmse_deg,applied_control_cost,action_saturation_step_fraction,solver_fallback_step_fraction,solver_deadline_miss_step_fraction,actuator_rate_limit_episode_mean,authority_alpha_mean,wm_gate_open_fraction,final_error,max_error,success_1m
seen,constant_alpha,,0.06617391081107507,7.661880103811383,31.21155508227983,0.11694677871148458,2.2408963585434174e-05,0.17285714285714285,0.0025816993464052285,0.5932663165266104,0.0,0.11678019092849083,0.2720274769040111,0.9882352941176471
seen,mpc,,0.07052177291747302,7.104957775873655,31.96298332057107,0.15025210084033613,1.1204481792717087e-05,0.17680672268907563,0.025366013071895423,0.9999943977591036,0.0,0.11656386296046217,0.2776515035609592,0.9882352941176471
seen,residual_rl,31000.0,0.06560938416759325,7.642182488695999,31.113631735455478,0.11777591036414566,2.2408963585434174e-05,0.17999439775910364,0.0025480859010270774,0.563974015707505,0.0,0.1164383104659043,0.2718950764019316,0.9882352941176471
seen,residual_rl,31001.0,0.06545097954124604,7.641446978022607,31.130538708734687,0.11552380952380953,2.801120448179272e-05,0.19533893557422968,0.0026134453781512606,0.563828611450948,0.0,0.11768890284759151,0.2723499898779672,0.9882352941176471
seen,residual_rl,31002.0,0.06708414510880788,7.669554623602863,31.112714582282926,0.11533893557422968,0.00010644257703081233,0.20230812324929973,0.0026041083099906624,0.528503090350003,0.0,0.11669686374293008,0.27241545279502405,0.9882352941176471
seen,residual_rl,31003.0,0.0661620611209807,7.620177401498651,31.128886358677484,0.11548459383753501,0.0006666666666666668,0.20958543417366948,0.002595704948646125,0.5400685365788809,0.0,0.1177630757958935,0.2745103955777271,0.9882352941176471
seen,residual_rl,31004.0,0.06719926878772432,7.639884848886087,31.124916001291755,0.11555742296918767,0.0007282913165266106,0.2136638655462185,0.0025807656395891686,0.5076059463190538,0.0,0.11746805979030249,0.2736978260383027,0.9882352941176471
seen,smc,,0.16205448615710258,7.635193974781997,30.64889120038858,0.11672268907563024,0.0004929971988795518,0.17561344537815124,0.003050420168067227,0.0,0.0,0.15377066423307326,0.39242834553663114,0.9764705882352941
seen,sspo,,0.061966849599078555,7.529014413727803,31.700270981298246,0.14215686274509803,1.1204481792717087e-05,0.17509803921568626,0.020403361344537813,0.9009842197456601,0.0,0.11629998575401547,0.2724650247080025,0.9882352941176471
seen,supervised_transformer,31000.0,0.06431258447315946,7.302345941319056,31.625821067207536,0.14243697478991596,6.162464985994398e-05,0.17401120448179272,0.017139122315592902,0.8590152708927234,0.0,0.11687002213872559,0.27864049056880613,0.9882352941176471
seen,supervised_transformer,31001.0,0.06367359885516559,7.310368073761894,31.621281738267097,0.1420952380952381,1.1204481792717087e-05,0.1721904761904762,0.016739495798319327,0.8666562436078437,0.0,0.11634333706333501,0.27711491450936887,0.9882352941176471
seen,supervised_transformer,31002.0,0.06176837096840734,7.353337206499305,31.687114075876593,0.14185434173669467,5.6022408963585436e-06,0.17369187675070027,0.018210084033613443,0.8655931897245002,0.0,0.11657372021763668,0.2736041940047792,0.9882352941176471
seen,supervised_transformer,31003.0,0.06345948587815932,7.344536550025615,31.643574387677322,0.14201120448179272,5.042016806722689e-05,0.16894677871148459,0.017740429505135387,0.8817635964691419,0.0,0.11640042437603662,0.27665751184708254,0.9882352941176471
seen,supervised_transformer,31004.0,0.06435995691031689,7.321859240934928,31.647603180024003,0.14361344537815127,3.361344537815126e-05,0.17093557422969188,0.018222222222222223,0.8642470069900667,0.0,0.11642080479158456,0.27848789505199406,0.9882352941176471
unseen,constant_alpha,,0.12041847415083903,8.656388017407528,32.42086117561761,0.1340136054421769,0.0037142857142857142,0.6896190476190476,0.0458344671201814,0.5907335034013604,0.0,0.18646054808160753,0.411873740519465,0.9428571428571428
unseen,mpc,,0.22125688159214704,9.460765607826161,35.22255210176983,0.20733333333333334,0.005210884353741497,0.6896190476190476,0.08369614512471656,0.998421768707483,0.0,0.23986578775477493,0.5752939408810622,0.9428571428571428
unseen,residual_rl,31000.0,0.11526611531741052,8.463406218617077,31.852981159127843,0.12741496598639457,0.0031020408163265306,0.8020408163265307,0.039097505668934246,0.5436744969860542,0.0,0.17957273154605427,0.41199487858019396,0.9428571428571428
unseen,residual_rl,31001.0,0.11474610452445477,8.505441671200487,31.842486850201254,0.1243265306122449,0.0032244897959183673,0.8020272108843537,0.0384875283446712,0.5610928694922915,0.0,0.1795654910124056,0.4134922697901268,0.9428571428571428
unseen,residual_rl,31002.0,0.11566478384789612,8.466272377021552,31.85392947476044,0.12440816326530611,0.0038911564625850343,0.8021768707482994,0.03885487528344671,0.5258849469253328,0.0,0.17924891291115366,0.4129078724850395,0.9428571428571428
unseen,residual_rl,31003.0,0.11697265886992282,8.430431907107893,31.90656452148778,0.12699319727891156,0.005061224489795919,0.8022993197278911,0.03882993197278912,0.548042082883566,0.0,0.17943965912148424,0.419128579531676,0.9428571428571428
unseen,residual_rl,31004.0,0.11712780196717877,8.453912809769516,31.930340615437657,0.12601360544217688,0.0028299319727891157,0.8024081632653061,0.03988888888888889,0.5036721994692329,0.0,0.18038085623475283,0.4129854784754607,0.9428571428571428
unseen,smc,,0.24822665242325526,10.64785309558046,32.02615301631368,0.14621768707482993,0.003129251700680272,0.6894421768707483,0.028941043083900223,0.0,0.0,0.25095692647202145,0.600707915328718,0.9428571428571428
unseen,sspo,,0.1357413445919131,9.105757959079764,33.68969962457849,0.16699319727891157,0.004748299319727891,0.6892108843537414,0.05962585034013606,0.8687958519500713,0.0,0.2438141262919718,0.4479494320579178,0.9428571428571428
unseen,supervised_transformer,31000.0,0.1775119167247694,9.658265293498701,34.00792816785805,0.171156462585034,0.004462585034013605,0.6894013605442176,0.051689342403628116,0.8012328702317587,0.0,0.22096994918332602,0.5024672994518635,0.9428571428571428
unseen,supervised_transformer,31001.0,0.13989806753754086,8.821008588878755,33.26668753326934,0.16141496598639454,0.0028435374149659866,0.6895238095238095,0.054292517006802724,0.8351578243321076,0.0,0.21258902869607887,0.4702804689281187,0.9428571428571428
unseen,supervised_transformer,31002.0,0.14289860669076512,8.905045492781541,33.56794530490602,0.16682993197278911,0.004421768707482994,0.6893061224489796,0.0567936507936508,0.8435123458477204,0.0,0.2370570495739632,0.46211688173500676,0.9428571428571428
unseen,supervised_transformer,31003.0,0.14829509730161547,8.714394212143207,33.247041448656354,0.1597687074829932,0.00472108843537415,0.692843537414966,0.057115646258503405,0.8426480541769749,0.0,0.20106025976379455,0.49084351731424514,0.9428571428571428
unseen,supervised_transformer,31004.0,0.1938626362261621,9.895372100034063,34.2092473802912,0.17982312925170066,0.004013605442176871,0.7138367346938775,0.05673696145124717,0.7947764613517279,0.0,0.19453721720328046,0.550194217895412,0.9428571428571428
