split,group,label,rows,physics_position_rmse,member0_position_rmse,ensemble_position_rmse,physics_velocity_rmse,ensemble_velocity_rmse,ensemble_position_std_mean
val,all,all,134400,2.4000449180603027,0.01452682912349701,0.01452682912349701,2.1140494346618652,0.1752425730228424,0.00894667487591505
val,family,actuator_delay_noise,16800,2.4032442569732666,0.0257759690284729,0.0257759690284729,2.2159032821655273,0.20132049918174744,0.014001940377056599
val,family,colored_noise,16800,2.396014451980591,0.013060824945569038,0.013060824945569038,2.095186233520508,0.17316456139087677,0.009304283186793327
val,family,mass_damping_mismatch,16800,2.401287078857422,0.013233440928161144,0.013233440928161144,2.0985238552093506,0.17001861333847046,0.00792820006608963
val,family,ou_current,16800,2.3964285850524902,0.010508586652576923,0.010508586652576923,2.0964457988739014,0.1720089167356491,0.007679146248847246
val,family,random_freq_amp,16800,2.3996975421905518,0.010568388737738132,0.010568388737738132,2.100280284881592,0.170555979013443,0.00723971426486969
val,family,structured,50400,2.4012258052825928,0.012328815646469593,0.012328815646469593,2.10107421875,0.17086157202720642,0.008473371155560017
val,scenario,1,16800,2.399785280227661,0.010999560356140137,0.010999560356140137,2.1013343334198,0.17422513663768768,0.008941512554883957
val,scenario,2,84000,2.39897084236145,0.01211522240191698,0.01211522240191698,2.0982038974761963,0.17044062912464142,0.00802285224199295
val,scenario,3,33600,2.4028570652008057,0.02041257731616497,0.02041257731616497,2.159367084503174,0.18718339502811432,0.011258811689913273
test,all,all,672000,2.413146734237671,0.15629859268665314,0.15629859268665314,2.214665412902832,0.3887373208999634,0.02411099150776863
test,family,actuator_delay_noise,84000,2.3867690563201904,0.4246982932090759,0.4246982932090759,2.858271837234497,0.9261548519134521,0.09455598890781403
test,family,colored_noise,84000,2.3970024585723877,0.02248443476855755,0.02248443476855755,2.0990829467773438,0.17893776297569275,0.013455601409077644
test,family,mass_damping_mismatch,84000,2.3936104774475098,0.017744572833180428,0.017744572833180428,2.0997061729431152,0.17569687962532043,0.011566177941858768
test,family,ou_current,84000,2.3970272541046143,0.014921707101166248,0.014921707101166248,2.1045124530792236,0.1723085343837738,0.010015158914029598
test,family,random_freq_amp,84000,2.5247414112091064,0.11647900938987732,0.11647900938987732,2.1396024227142334,0.4159175753593445,0.038163717836141586
test,family,structured,252000,2.4010071754455566,0.01231440156698227,0.01231440156698227,2.101304054260254,0.16892306506633759,0.008377091959118843
test,scenario,1,84000,2.3992178440093994,0.011112033389508724,0.011112033389508724,2.103814125061035,0.1707378774881363,0.008919790387153625
test,scenario,2,420000,2.4233345985412598,0.054359473288059235,0.054359473288059235,2.10868763923645,0.24206919968128204,0.01622084341943264
test,scenario,3,168000,2.3944954872131348,0.30044615268707275,0.30044615268707275,2.5078964233398438,0.6658808588981628,0.05143195390701294
