split,model,position_rmse_10step,position_rmse_20step,position_rmse_mean
val,ensemble,0.14511914901860307,0.20530622147665664,0.13635749107991296
val,ensemble_conservative,0.1425773106122532,0.20076724807623242,0.13582694567069897
val,member0,0.2542926201142856,0.357844642624219,0.2521198560953364
val,physics_persistence,2.0063512773389065,2.0008821359164144,2.0063689157424816
val,physics_realized,2.0063512773389065,2.0008821359164144,2.0063689157424816
test,ensemble,0.26416763784478364,0.34861761705957506,0.26205580147592866
test,ensemble_conservative,0.25342176171997,0.3507826026540103,0.25408818432500163
test,member0,0.4739987664779479,0.6475647751713383,0.46746948850026665
test,physics_persistence,2.0062144700126616,1.9994626166614795,2.006290344299977
test,physics_realized,2.0062144700126616,1.9994626166614795,2.006290344299977
