controller,scenario,scenario_id,seed,start_time,mass_scale_xy,damping_scale_xy,initial_position_std,initial_velocity_std,final_error,success_0.5m,success_1.0m,success_2.0m,mean_error,max_error,rmse,iae,steady_state_error,steady_state_rmse,energy,mean_thrust,control_tv,heading_rmse_deg,heading_max_deg,z_rmse,z_max_abs_error,rmse_3d,base_controller,trajectory3d,current_amplitude_scale,current_frequency_scale,vertical_current,vehicle_profile,action_mode,thruster_layout,action_peak_abs,action_saturation_fraction,action_saturation_step_fraction,action_tv_mean,action_jerk_mean,post_startup_rmse,tail_rmse,disturbance_window_rmse,disturbance_recovery_time_s,reference_rmse,reference_post_startup_rmse,reference_z_rmse,reference_action_jerk_mean,rmse_gain_vs_real10kg_smc_steady_pct,post_startup_rmse_gain_vs_real10kg_smc_steady_pct,z_rmse_gain_vs_real10kg_smc_steady_pct,action_jerk_mean_gain_vs_real10kg_smc_steady_pct,train_seed,eval_episode,episode_uid
real10kg_smc_steady,constant,1,20000,0.0,1.0,1.0,0.03,0.01,0.0422361022213601,1.0,1.0,1.0,0.1346564702034891,0.3162645072393694,0.1473332530881828,2.8277858742732724,0.1197223484766375,0.1284718409061104,29.078029545919787,1.384668073615228,0.0096292042382641,7.196000509589077,45.0,0.0209647820797559,0.0630501943715194,0.1473332530881828,real10kg_smc_steady,True,2.5,1.0,0.75,real_10kg_v1,thruster,real_10kg_x,1.0,0.0387301587301587,0.1176190476190476,0.0096292042382641,0.0002480843774164,0.1271746266574406,0.1284718409061104,,,0.1473332530881828,0.1271746266574406,0.0209647820797559,0.0002480843774164,0.0,0.0,0.0,0.0,20,0,train20_eval0_scn1
real10kg_smc_steady,constant,1,20001,0.0,1.0,1.0,0.03,0.01,0.0422381459659359,1.0,1.0,1.0,0.1348049905071164,0.3194412411095605,0.1475448739598201,2.830904800649445,0.1197162711527812,0.1284698268053001,29.00369972912501,1.3811285585297626,0.0097051479946885,7.206400313881917,45.0,0.0212292292923014,0.0650861930434014,0.1475448739598201,real10kg_smc_steady,True,2.5,1.0,0.75,real_10kg_v1,thruster,real_10kg_x,1.0,0.0387301587301587,0.1176190476190476,0.0097051479946885,0.000253700589833,0.1271247746793879,0.1284698268053001,,,0.1475448739598201,0.1271247746793879,0.0212292292923014,0.000253700589833,0.0,0.0,0.0,0.0,20,1,train20_eval1_scn1
real10kg_smc_steady,constant,1,20002,0.0,1.0,1.0,0.03,0.01,0.042244675244405,1.0,1.0,1.0,0.1343494842730602,0.3132651795746762,0.146854443224437,2.821339169734265,0.1197219428719318,0.1284714150468907,29.06331486720762,1.3839673746289345,0.0095514592788778,7.190031498623186,45.0,0.0209543828442201,0.0617262052461905,0.146854443224437,real10kg_smc_steady,True,2.5,1.0,0.75,real_10kg_v1,thruster,real_10kg_x,1.0,0.0387301587301587,0.1176190476190476,0.0095514592788778,0.0002445384289505,0.1272318816566911,0.1284714150468907,,,0.146854443224437,0.1272318816566911,0.0209543828442201,0.0002445384289505,0.0,0.0,0.0,0.0,20,2,train20_eval2_scn1
real10kg_smc_steady,constant,1,20003,0.0,1.0,1.0,0.03,0.01,0.0422226832218084,1.0,1.0,1.0,0.135801842940544,0.3290514231084456,0.1490698666259862,2.851838701751425,0.1197163516203458,0.1284704041702981,29.04799255241385,1.3832377405911358,0.0099719793020501,7.225517639997898,45.0,0.0226316884995323,0.0694562617245383,0.1490698666259862,real10kg_smc_steady,True,2.5,1.0,0.75,real_10kg_v1,thruster,real_10kg_x,1.0,0.0387301587301587,0.1176190476190476,0.0099719793020501,0.0002649925582518,0.1269298006905206,0.1284704041702981,,,0.1490698666259862,0.1269298006905206,0.0226316884995323,0.0002649925582518,0.0,0.0,0.0,0.0,20,3,train20_eval3_scn1
real10kg_smc_steady,constant,1,20004,0.0,1.0,1.0,0.03,0.01,0.0422418348131343,1.0,1.0,1.0,0.1345138278041166,0.3152707662815416,0.1471207444700463,2.82479038388645,0.1197189230423486,0.1284704915258054,29.04342083641652,1.383020039829358,0.0096179429397133,7.19814915693647,45.0,0.0209194846354281,0.0631639527992257,0.1471207444700463,real10kg_smc_steady,True,2.5,1.0,0.75,real_10kg_v1,thruster,real_10kg_x,1.0,0.0387301587301587,0.1176190476190476,0.0096179429397133,0.0002489048308615,0.1271956215295156,0.1284704915258054,,,0.1471207444700463,0.1271956215295156,0.0209194846354281,0.0002489048308615,0.0,0.0,0.0,0.0,20,4,train20_eval4_scn1
real10kg_smc_steady,constant,1,20005,0.0,1.0,1.0,0.03,0.01,0.0422227645438569,1.0,1.0,1.0,0.1349477152638889,0.3188834695449981,0.1477332391513865,2.833902020541668,0.1197217992370714,0.1284720946486164,29.10996872120729,1.3861889867241568,0.0098627944245657,7.2134720811839905,45.0,0.0213037206056368,0.0645512183456084,0.1477332391513865,real10kg_smc_steady,True,2.5,1.0,0.75,real_10kg_v1,thruster,real_10kg_x,1.0,0.0387301587301587,0.1176190476190476,0.0098627944245657,0.000257503034075,0.1271817614457089,0.1284720946486164,,,0.1477332391513865,0.1271817614457089,0.0213037206056368,0.000257503034075,0.0,0.0,0.0,0.0,20,5,train20_eval5_scn1
real10kg_smc_steady,constant,1,20006,0.0,1.0,1.0,0.03,0.01,0.0422326009233612,1.0,1.0,1.0,0.1344886541927715,0.3140340661393016,0.1470440934640812,2.8242617380482025,0.11972437439224,0.1284726984361801,29.095414205654016,1.385495914554953,0.0096831968270434,7.199126177193863,45.0,0.0208765066681512,0.0625523017467378,0.1470440934640812,real10kg_smc_steady,True,2.5,1.0,0.75,real_10kg_v1,thruster,real_10kg_x,1.0,0.0387301587301587,0.1176190476190476,0.0096831968270434,0.0002495534689645,0.1272518813305846,0.1284726984361801,,,0.1470440934640812,0.1272518813305846,0.0208765066681512,0.0002495534689645,0.0,0.0,0.0,0.0,20,6,train20_eval6_scn1
real10kg_smc_steady,constant,1,20007,0.0,1.0,1.0,0.03,0.01,0.0422136304382876,1.0,1.0,1.0,0.1351610451811597,0.3229468025406479,0.148039125555818,2.8383819488043547,0.119719413849675,0.128471622897867,29.00265513893501,1.3810788161397625,0.0098710458650566,7.223711181177967,45.0,0.0224027455123186,0.0675274691380619,0.148039125555818,real10kg_smc_steady,True,2.5,1.0,0.75,real_10kg_v1,thruster,real_10kg_x,1.0,0.0387301587301587,0.1176190476190476,0.0098710458650566,0.0002615155823089,0.1270943602820172,0.128471622897867,,,0.148039125555818,0.1270943602820172,0.0224027455123186,0.0002615155823089,0.0,0.0,0.0,0.0,20,7,train20_eval7_scn1
real10kg_smc_steady,constant,1,20008,0.0,1.0,1.0,0.03,0.01,0.0422528797923124,1.0,1.0,1.0,0.1332194277550355,0.3018476730843129,0.1451552342184733,2.7976079828557454,0.1197285751926292,0.128473728167883,28.99825538048819,1.3808693038327708,0.0093720271728827,7.188261661660938,45.0,0.0208779739087446,0.0593391759753723,0.1451552342184733,real10kg_smc_steady,True,2.5,1.0,0.75,real_10kg_v1,thruster,real_10kg_x,1.0,0.0387301587301587,0.1176190476190476,0.0093720271728827,0.0002382212345329,0.1275094700783263,0.128473728167883,,,0.1451552342184733,0.1275094700783263,0.0208779739087446,0.0002382212345329,0.0,0.0,0.0,0.0,20,8,train20_eval8_scn1
real10kg_smc_steady,constant,1,20009,0.0,1.0,1.0,0.03,0.01,0.0422274752433448,1.0,1.0,1.0,0.1330765864199941,0.2993829517514896,0.1447596370953079,2.794608314819876,0.1197278290183454,0.1284742160330769,28.97724294189912,1.3798687115190058,0.009646980404941,7.20027563568799,45.0,0.0212943190787042,0.0594024228147291,0.1447596370953079,real10kg_smc_steady,True,2.5,1.0,0.75,real_10kg_v1,thruster,real_10kg_x,1.0,0.0386507936507936,0.1171428571428571,0.009646980404941,0.0002506644261274,0.127640744594416,0.1284742160330769,,,0.1447596370953079,0.127640744594416,0.0212943190787042,0.0002506644261274,0.0,0.0,0.0,0.0,20,9,train20_eval9_scn1
real10kg_smc_steady,sinusoidal,2,20000,0.0,1.0,1.0,0.03,0.01,0.3043961298849187,1.0,1.0,1.0,0.1357993869713896,0.3668762621605343,0.1503744160583116,2.8517871263991834,0.1685332576430556,0.1705868712262132,37.97498283557046,1.8083325159795451,0.0109715347585409,7.027964795289169,45.0,0.0210842241945634,0.0689466897753654,0.1503744160583116,real10kg_smc_steady,True,2.5,1.0,0.75,real_10kg_v1,thruster,real_10kg_x,1.0,0.0778571428571428,0.1909523809523809,0.0109715347585409,0.0002639723082731,0.1300544452658965,0.1705868712262132,,,0.1503744160583116,0.1300544452658965,0.0210842241945634,0.0002639723082731,0.0,0.0,0.0,0.0,20,0,train20_eval0_scn2
real10kg_smc_steady,sinusoidal,2,20001,0.0,1.0,1.0,0.03,0.01,0.304398971116787,1.0,1.0,1.0,0.1355780586220883,0.3656210581011516,0.1500166111333681,2.8471392310638555,0.1685335639941849,0.1705869391593446,37.939322903782895,1.8066344239896617,0.0110502236088603,7.015086584178838,45.0,0.0214274325120692,0.0721638577939866,0.1500166111333681,real10kg_smc_steady,True,2.5,1.0,0.75,real_10kg_v1,thruster,real_10kg_x,1.0,0.0778571428571428,0.1909523809523809,0.0110502236088603,0.0002681272101705,0.1299953134054851,0.1705869391593446,,,0.1500166111333681,0.1299953134054851,0.0214274325120692,0.0002681272101705,0.0,0.0,0.0,0.0,20,1,train20_eval1_scn2
real10kg_smc_steady,sinusoidal,2,20002,0.0,1.0,1.0,0.03,0.01,0.3044012163689713,1.0,1.0,1.0,0.135475050526929,0.3644570287616725,0.1498971939585562,2.844976061065511,0.1685333706062815,0.1705870113090036,37.957714150189474,1.8075101976280703,0.0108981887295571,7.022286164657509,45.0,0.0210579585884041,0.0675676900862585,0.1498971939585562,real10kg_smc_steady,True,2.5,1.0,0.75,real_10kg_v1,thruster,real_10kg_x,1.0,0.0778571428571428,0.1909523809523809,0.0108981887295571,0.0002608164800719,0.1300460549093487,0.1705870113090036,,,0.1498971939585562,0.1300460549093487,0.0210579585884041,0.0002608164800719,0.0,0.0,0.0,0.0,20,2,train20_eval2_scn2
real10kg_smc_steady,sinusoidal,2,20003,0.0,1.0,1.0,0.03,0.01,0.3043883192561989,1.0,1.0,1.0,0.136743301755118,0.3728698625124554,0.151687107439282,2.8716093368574787,0.1685333337519761,0.1705866089866233,37.9887390493692,1.8089875737794856,0.0113160653280949,7.033194504531897,45.0,0.022901326470123,0.0778243302720575,0.151687107439282,real10kg_smc_steady,True,2.5,1.0,0.75,real_10kg_v1,thruster,real_10kg_x,1.0,0.0778571428571428,0.1909523809523809,0.0113160653280949,0.0002794253458831,0.1300183888361249,0.1705866089866233,,,0.151687107439282,0.1300183888361249,0.022901326470123,0.0002794253458831,0.0,0.0,0.0,0.0,20,3,train20_eval3_scn2
real10kg_smc_steady,sinusoidal,2,20004,0.0,1.0,1.0,0.03,0.01,0.3044010092298076,1.0,1.0,1.0,0.135465133946154,0.3640950662953065,0.1498700606362816,2.8447678128692355,0.1685334863794111,0.1705869960139969,37.9494369432045,1.8071160449145,0.0109601191603398,7.022677974003995,45.0,0.0210619055485101,0.0693788435035298,0.1498700606362816,real10kg_smc_steady,True,2.5,1.0,0.75,real_10kg_v1,thruster,real_10kg_x,1.0,0.0778571428571428,0.1909523809523809,0.0109601191603398,0.000263739428582,0.1300369496317118,0.1705869960139969,,,0.1498700606362816,0.1300369496317118,0.0210619055485101,0.000263739428582,0.0,0.0,0.0,0.0,20,4,train20_eval4_scn2
real10kg_smc_steady,sinusoidal,2,20005,0.0,1.0,1.0,0.03,0.01,0.3043821734031834,1.0,1.0,1.0,0.1363675693651815,0.368403217539692,0.1511407132799247,2.863718956668813,0.1685330280022174,0.1705866949640524,37.98237153173285,1.8086843586539452,0.0112097422681855,7.056401148774989,45.0,0.0215356706392001,0.0723865144828405,0.1511407132799247,real10kg_smc_steady,True,2.5,1.0,0.75,real_10kg_v1,thruster,real_10kg_x,1.0,0.0778571428571428,0.1909523809523809,0.0112097422681855,0.0002735877391634,0.1301215189188843,0.1705866949640524,,,0.1511407132799247,0.1301215189188843,0.0215356706392001,0.0002735877391634,0.0,0.0,0.0,0.0,20,5,train20_eval5_scn2
real10kg_smc_steady,sinusoidal,2,20006,0.0,1.0,1.0,0.03,0.01,0.3043875060092748,1.0,1.0,1.0,0.1358332305563742,0.3654617334759218,0.1503812986752958,2.8524978416838587,0.1685330529031641,0.1705868154492244,37.96718349948485,1.807961119023088,0.0110273548355556,7.042411942296631,45.0,0.0210227020466216,0.0690381519089148,0.1503812986752958,real10kg_smc_steady,True,2.5,1.0,0.75,real_10kg_v1,thruster,real_10kg_x,1.0,0.0778571428571428,0.1909523809523809,0.0110273548355556,0.0002658864983006,0.1300990207742723,0.1705868154492244,,,0.1503812986752958,0.1300990207742723,0.0210227020466216,0.0002658864983006,0.0,0.0,0.0,0.0,20,6,train20_eval6_scn2
real10kg_smc_steady,sinusoidal,2,20007,0.0,1.0,1.0,0.03,0.01,0.3043793830681668,1.0,1.0,1.0,0.1359708103761395,0.3668977410121199,0.1505174100797623,2.8553870178989307,0.1685330567303702,0.1705865006057685,37.9402239045488,1.8066773287880376,0.011213642353497,7.029518828422153,45.0,0.0226513971780827,0.0757552145744934,0.1505174100797623,real10kg_smc_steady,True,2.5,1.0,0.75,real_10kg_v1,thruster,real_10kg_x,1.0,0.0778571428571428,0.1909523809523809,0.011213642353497,0.0002752193949869,0.1300087736445064,0.1705865006057685,,,0.1505174100797623,0.1300087736445064,0.0226513971780827,0.0002752193949869,0.0,0.0,0.0,0.0,20,7,train20_eval7_scn2
real10kg_smc_steady,sinusoidal,2,20008,0.0,1.0,1.0,0.03,0.01,0.304388549303881,1.0,1.0,1.0,0.1341654513971745,0.3530755882343997,0.1479601513848952,2.8174744793406648,0.1685330621996496,0.1705871039803965,37.87827075485223,1.8037271788024871,0.0107143197578111,7.021030726220623,45.0,0.0209427234232317,0.0648510557737101,0.1479601513848952,real10kg_smc_steady,True,2.5,1.0,0.75,real_10kg_v1,thruster,real_10kg_x,1.0,0.0776984126984127,0.1904761904761904,0.0107143197578111,0.0002530246163043,0.1300435625747224,0.1705871039803965,,,0.1479601513848952,0.1300435625747224,0.0209427234232317,0.0002530246163043,0.0,0.0,0.0,0.0,20,8,train20_eval8_scn2
real10kg_smc_steady,sinusoidal,2,20009,0.0,1.0,1.0,0.03,0.01,0.304374944736715,1.0,1.0,1.0,0.134276086861915,0.3492132284072092,0.1478880655854587,2.819797824100217,0.1685336342402527,0.1705881277047804,37.82470807829898,1.8011765751570945,0.0109960226097883,7.044291546546722,45.0,0.0214998259229731,0.0676619586694069,0.1478880655854587,real10kg_smc_steady,True,2.5,1.0,0.75,real_10kg_v1,thruster,real_10kg_x,1.0,0.0776984126984127,0.1904761904761904,0.0109960226097883,0.0002649349013171,0.1301148303890554,0.1705881277047804,,,0.1478880655854587,0.1301148303890554,0.0214998259229731,0.0002649349013171,0.0,0.0,0.0,0.0,20,9,train20_eval9_scn2
real10kg_smc_steady,step_change,3,20000,0.0,1.0,1.0,0.03,0.01,0.0334429403798215,1.0,1.0,1.0,0.1197878027124682,0.3162645072393694,0.13450071994101,2.515543856961832,0.0941438255384098,0.0968650546405091,26.09627313744285,1.2426796732115644,0.0109601545739029,6.919082398645124,45.0,0.020890756065032,0.0630501943715194,0.13450071994101,real10kg_smc_steady,True,2.5,1.0,0.75,real_10kg_v1,thruster,real_10kg_x,1.0,0.0091269841269841,0.028095238095238,0.0109601545739029,0.0030130005801835,0.109334202780954,0.0968650546405091,,,0.13450071994101,0.109334202780954,0.020890756065032,0.0030130005801835,0.0,0.0,0.0,0.0,20,0,train20_eval0_scn3
real10kg_smc_steady,step_change,3,20001,0.0,1.0,1.0,0.03,0.01,0.0334553340995144,1.0,1.0,1.0,0.1199329374488797,0.3194412411095605,0.1347306525511526,2.518591686426475,0.0941371891820307,0.0968642381482401,26.02158703726056,1.2391231922505026,0.0110380565939764,6.930117823424324,45.0,0.02115781082077,0.0650861930434014,0.1347306525511526,real10kg_smc_steady,True,2.5,1.0,0.75,real_10kg_v1,thruster,real_10kg_x,1.0,0.0091269841269841,0.028095238095238,0.0110380565939764,0.0030185794343164,0.1092735576119189,0.0968642381482401,,,0.1347306525511526,0.1092735576119189,0.02115781082077,0.0030185794343164,0.0,0.0,0.0,0.0,20,1,train20_eval1_scn3
real10kg_smc_steady,step_change,3,20002,0.0,1.0,1.0,0.03,0.01,0.0334553201928487,1.0,1.0,1.0,0.1194816216248817,0.3132651795746762,0.13397713736707,2.5091140541225165,0.0941433616050543,0.0968646811309187,26.081639724863454,1.241982844041117,0.0108821538336551,6.912815333973189,45.0,0.0208804775015014,0.0617262052461905,0.13397713736707,real10kg_smc_steady,True,2.5,1.0,0.75,real_10kg_v1,thruster,real_10kg_x,1.0,0.0091269841269841,0.028095238095238,0.0108821538336551,0.0030094816225216,0.1094023393683615,0.0968646811309187,,,0.13397713736707,0.1094023393683615,0.0208804775015014,0.0030094816225216,0.0,0.0,0.0,0.0,20,2,train20_eval2_scn3
real10kg_smc_steady,step_change,3,20003,0.0,1.0,1.0,0.03,0.01,0.0334339410791268,1.0,1.0,1.0,0.1209279037827734,0.3290514231084456,0.1363968065870077,2.5394859794382434,0.0941372913110432,0.0968648445067065,26.065669422738623,1.241222353463744,0.011305627555332,6.950151233241548,45.0,0.0225647008185126,0.0694562617245383,0.1363968065870077,real10kg_smc_steady,True,2.5,1.0,0.75,real_10kg_v1,thruster,real_10kg_x,1.0,0.0091269841269841,0.028095238095238,0.011305627555332,0.0030298001572156,0.1090434865842688,0.0968648445067065,,,0.1363968065870077,0.1090434865842688,0.0225647008185126,0.0030298001572156,0.0,0.0,0.0,0.0,20,3,train20_eval3_scn3
real10kg_smc_steady,step_change,3,20004,0.0,1.0,1.0,0.03,0.01,0.0334562640027408,1.0,1.0,1.0,0.1196440176215383,0.3152707662815416,0.1342677334800761,2.5125243700523057,0.0941400566918305,0.0968643385493616,26.06154870754577,1.241026128930751,0.0109497531251308,6.921380497737993,45.0,0.0208462219958244,0.0631639527992257,0.1342677334800761,real10kg_smc_steady,True,2.5,1.0,0.75,real_10kg_v1,thruster,real_10kg_x,1.0,0.0091269841269841,0.028095238095238,0.0109497531251308,0.0030138246530458,0.1093583805818216,0.0968643385493616,,,0.1342677334800761,0.1093583805818216,0.0208462219958244,0.0030138246530458,0.0,0.0,0.0,0.0,20,4,train20_eval4_scn3
real10kg_smc_steady,step_change,3,20005,0.0,1.0,1.0,0.03,0.01,0.0334256117730244,1.0,1.0,1.0,0.1200775258112616,0.3188834695449981,0.1349371114618903,2.521628042036494,0.0941432118238307,0.0968654350080992,26.12801326193812,1.2441911077113392,0.0111945548440799,6.9374014741738,45.0,0.0212310993921032,0.0645512183456084,0.1349371114618903,real10kg_smc_steady,True,2.5,1.0,0.75,real_10kg_v1,thruster,real_10kg_x,1.0,0.0091269841269841,0.028095238095238,0.0111945548440799,0.0030223588455776,0.1093401431033942,0.0968654350080992,,,0.1349371114618903,0.1093401431033942,0.0212310993921032,0.0030223588455776,0.0,0.0,0.0,0.0,20,5,train20_eval5_scn3
real10kg_smc_steady,step_change,3,20006,0.0,1.0,1.0,0.03,0.01,0.0334348842980183,1.0,1.0,1.0,0.1196205183395895,0.3140340661393016,0.1341838252450332,2.512030885131381,0.0941460735762078,0.0968655687000497,26.113692435292236,1.2435091635853444,0.0110137639200794,6.922319768359023,45.0,0.0208017314377623,0.0625523017467378,0.1341838252450332,real10kg_smc_steady,True,2.5,1.0,0.75,real_10kg_v1,thruster,real_10kg_x,1.0,0.0091269841269841,0.028095238095238,0.0110137639200794,0.0030144552103858,0.1094239329062676,0.0968655687000497,,,0.1341838252450332,0.1094239329062676,0.0208017314377623,0.0030144552103858,0.0,0.0,0.0,0.0,20,6,train20_eval6_scn3
real10kg_smc_steady,step_change,3,20007,0.0,1.0,1.0,0.03,0.01,0.0334169142944569,1.0,1.0,1.0,0.1202881411955579,0.3229468025406479,0.1352696227696039,2.526050965106718,0.0941406164178674,0.0968654457088456,26.02044418527543,1.2390687707274013,0.0112039616524354,6.94820243147866,45.0,0.0223342017905247,0.0675274691380619,0.1352696227696039,real10kg_smc_steady,True,2.5,1.0,0.75,real_10kg_v1,thruster,real_10kg_x,1.0,0.0091269841269841,0.028095238095238,0.0112039616524354,0.0030263310216986,0.1092351252537915,0.0968654457088456,,,0.1352696227696039,0.1092351252537915,0.0223342017905247,0.0030263310216986,0.0,0.0,0.0,0.0,20,7,train20_eval7_scn3
real10kg_smc_steady,step_change,3,20008,0.0,1.0,1.0,0.03,0.01,0.0334557185672403,1.0,1.0,1.0,0.1183541922913691,0.3018476730843129,0.1321133219412042,2.485438038118752,0.0941508164287734,0.0968659192289502,26.01686301458952,1.2388982387899772,0.0107007618113905,6.910775229119983,45.0,0.0208023284007857,0.0593391759753723,0.1321133219412042,real10kg_smc_steady,True,2.5,1.0,0.75,real_10kg_v1,thruster,real_10kg_x,1.0,0.0091269841269841,0.028095238095238,0.0107007618113905,0.0030031822437193,0.1097263296047462,0.0968659192289502,,,0.1321133219412042,0.1097263296047462,0.0208023284007857,0.0030031822437193,0.0,0.0,0.0,0.0,20,8,train20_eval8_scn3
real10kg_smc_steady,step_change,3,20009,0.0,1.0,1.0,0.03,0.01,0.0334223500943379,1.0,1.0,1.0,0.1182089532334232,0.2993829517514896,0.13167579513577,2.4823880179018887,0.0941499522339193,0.096866550338346,25.995546295795357,1.2378831569426358,0.0109770052714797,6.923493295896503,45.0,0.0212203655008039,0.0594024228147291,0.13167579513577,real10kg_smc_steady,True,2.5,1.0,0.75,real_10kg_v1,thruster,real_10kg_x,1.0,0.009047619047619,0.0276190476190476,0.0109770052714797,0.003015545216968,0.1098750013518436,0.096866550338346,,,0.13167579513577,0.1098750013518436,0.0212203655008039,0.003015545216968,0.0,0.0,0.0,0.0,20,9,train20_eval9_scn3
real10kg_mpc_event,constant,1,20000,0.0,1.0,1.0,0.03,0.01,0.0169227783946253,1.0,1.0,1.0,0.0816851038572356,0.4802691985044938,0.1531084275135827,1.715387181001948,0.0099022704656091,0.0104030423105011,32.37962590862097,1.5418869480295705,0.0091342563545475,86.69138999576566,143.01681311215262,0.0079249870180575,0.0241745940984396,0.1531084275135827,real10kg_mpc_event,True,2.5,1.0,0.75,real_10kg_v1,thruster,real_10kg_x,1.0,0.0882539682539682,0.2233333333333333,0.0091342563545475,0.001096714984797,0.1616594275608539,0.0104030423105011,,,0.1473332530881828,0.1271746266574406,0.0209647820797559,0.0002480843774164,-3.919803781121464,-27.11610154461244,62.198571929302105,-342.07337689625564,20,0,train20_eval0_scn1
real10kg_mpc_event,constant,1,20001,0.0,1.0,1.0,0.03,0.01,0.016922144840892,1.0,1.0,1.0,0.082097407657699,0.480868266289821,0.1533754460016041,1.7240455608116798,0.0099052494475938,0.0104061685816356,32.44287302990164,1.544898715709602,0.0094465167428724,86.63252146805756,142.91687565434944,0.0081495174145564,0.0261937664301935,0.1533754460016041,real10kg_mpc_event,True,2.5,1.0,0.75,real_10kg_v1,thruster,real_10kg_x,1.0,0.0885714285714285,0.2233333333333333,0.0094465167428724,0.0014399084461482,0.161876290427441,0.0104061685816356,,,0.1475448739598201,0.1271247746793879,0.0212292292923014,0.000253700589833,-3.9517279626886728,-27.33654068272481,61.61180746438216,-467.5621200154212,20,1,train20_eval1_scn1
real10kg_mpc_event,constant,1,20002,0.0,1.0,1.0,0.03,0.01,0.0169227126294102,1.0,1.0,1.0,0.0811096598607745,0.4803251621353467,0.1527658403429745,1.7033028570762645,0.0099024949480535,0.0104032623514685,32.364798606788135,1.5411808860375302,0.0088588557349235,86.68621824571586,143.00822884724823,0.0079457232953123,0.0238181285038849,0.1527658403429745,real10kg_mpc_event,True,2.5,1.0,0.75,real_10kg_v1,thruster,real_10kg_x,1.0,0.0881746031746031,0.2233333333333333,0.0088588557349235,0.000999698846362,0.1616775913584923,0.0104032623514685,,,0.146854443224437,0.1272318816566911,0.0209543828442201,0.0002445384289505,-4.025344408206366,-27.0731747839318,62.08085270569544,-308.8105295566178,20,2,train20_eval2_scn1
real10kg_mpc_event,constant,1,20003,0.0,1.0,1.0,0.03,0.01,0.0169221950188643,1.0,1.0,1.0,0.0837054054365896,0.4808368018967928,0.154467587316865,1.7578135141683833,0.0099052195143221,0.0104061745038475,32.54683898608029,1.5498494755276329,0.0097405535509243,86.63498015755165,142.92075528592557,0.0095614628797136,0.0589140738504541,0.154467587316865,real10kg_mpc_event,True,2.5,1.0,0.75,real_10kg_v1,thruster,real_10kg_x,1.0,0.0892063492063492,0.2238095238095238,0.0097405535509243,0.0014442610732361,0.1618702306532351,0.0104061745038475,,,0.1490698666259862,0.1269298006905206,0.0226316884995323,0.0002649925582518,-3.6209334676750182,-27.527365341025074,57.7518801572794,-445.0194838541765,20,3,train20_eval3_scn1
real10kg_mpc_event,constant,1,20004,0.0,1.0,1.0,0.03,0.01,0.0169224855838596,1.0,1.0,1.0,0.0816484126446231,0.480537636662644,0.1530921675988066,1.7146166655370865,0.0099035661163677,0.0104043883816213,32.39893440258622,1.5428064001231536,0.0094035747137135,86.66521011965405,142.97223607059863,0.0078777251457904,0.024603707347527,0.1530921675988066,real10kg_mpc_event,True,2.5,1.0,0.75,real_10kg_v1,thruster,real_10kg_x,1.0,0.0882539682539682,0.2233333333333333,0.0094035747137135,0.0011816568035433,0.1617556636220372,0.0104043883816213,,,0.1471207444700463,0.1271956215295156,0.0209194846354281,0.0002489048308615,-4.058858694788679,-27.170779683247236,62.34264235912826,-374.7424143812083,20,4,train20_eval4_scn1
real10kg_mpc_event,constant,1,20005,0.0,1.0,1.0,0.03,0.01,0.016922771286592,1.0,1.0,1.0,0.0820310462004985,0.4803166300038236,0.1533656763007185,1.7226519702104697,0.0099026969629058,0.0104035462432405,32.495675711189286,1.547413129104252,0.0098044057632777,86.68861294078644,143.0092689125487,0.0082310549721308,0.0271012600470081,0.1533656763007185,real10kg_mpc_event,True,2.5,1.0,0.75,real_10kg_v1,thruster,real_10kg_x,1.0,0.0889682539682539,0.2238095238095238,0.0098044057632777,0.0014432958477417,0.1616779373737965,0.0104035462432405,,,0.1477332391513865,0.1271817614457089,0.0213037206056368,0.000257503034075,-3.812572703127621,-27.12352426634159,61.36329834351568,-460.4966376129034,20,5,train20_eval5_scn1
real10kg_mpc_event,constant,1,20006,0.0,1.0,1.0,0.03,0.01,0.0169228136095141,1.0,1.0,1.0,0.0813209602244578,0.4802525396083603,0.1529189705800043,1.707740164713614,0.0099022375687507,0.0104030230419561,32.41681409143369,1.543657813877795,0.0095657872667825,86.69470233320976,143.02053867833212,0.0078532162657985,0.0243376027793006,0.1529189705800043,real10kg_mpc_event,True,2.5,1.0,0.75,real_10kg_v1,thruster,real_10kg_x,1.0,0.0884126984126984,0.2238095238095238,0.0095657872667825,0.0011981222216328,0.1616522498468068,0.0104030230419561,,,0.1470440934640812,0.1272518813305846,0.0208765066681512,0.0002495534689645,-3.9953166274972975,-27.033288747106376,62.382517388413326,-380.10641831746574,20,6,train20_eval6_scn1
real10kg_mpc_event,constant,1,20007,0.0,1.0,1.0,0.03,0.01,0.0169219304482242,1.0,1.0,1.0,0.0825356098448845,0.4810718851658287,0.1536780710356904,1.733247806742575,0.0099062564813256,0.0104072219868747,32.53691514390884,1.5493769116147065,0.0096045164349631,86.61331564652947,142.8833100976954,0.0093700932934381,0.0556673819317605,0.1536780710356904,real10kg_mpc_event,True,2.5,1.0,0.75,real_10kg_v1,thruster,real_10kg_x,1.0,0.0892063492063492,0.2233333333333333,0.0096045164349631,0.001409571993789,0.1619499674404224,0.0104072219868747,,,0.148039125555818,0.1270943602820172,0.0224027455123186,0.0002615155823089,-3.8090913187313022,-27.42498335965656,58.17435283418395,-439.0011491261673,20,7,train20_eval7_scn1
real10kg_mpc_event,constant,1,20008,0.0,1.0,1.0,0.03,0.01,0.0169221756597157,1.0,1.0,1.0,0.079338605076959,0.4807886959556658,0.151853787124203,1.666110706616139,0.0099044830732176,0.0104052531394995,32.369167310622615,1.5413889195534576,0.0086453038412755,86.64348863718297,142.93401930672135,0.0080070409384893,0.0240910751172824,0.151853787124203,real10kg_mpc_event,True,2.5,1.0,0.75,real_10kg_v1,thruster,real_10kg_x,1.0,0.0881746031746031,0.2228571428571428,0.0086453038412755,0.000951372878305,0.1618376769930527,0.0104052531394995,,,0.1451552342184733,0.1275094700783263,0.0208779739087446,0.0002382212345329,-4.614751195019056,-26.922084213540632,61.64838133485898,-299.3652707618985,20,8,train20_eval8_scn1
real10kg_mpc_event,constant,1,20009,0.0,1.0,1.0,0.03,0.01,0.0169218575629696,1.0,1.0,1.0,0.0788082546238143,0.4811445038107762,0.1516918139099957,1.6549733471001016,0.0099064517675685,0.0104073764921708,32.52750157150948,1.5489286462623564,0.0097995929526557,86.61190218345259,142.876824139286,0.0084479588494341,0.0374470138225841,0.1516918139099957,real10kg_mpc_event,True,2.5,1.0,0.75,real_10kg_v1,thruster,real_10kg_x,1.0,0.0891269841269841,0.2233333333333333,0.0097995929526557,0.0014647538707812,0.1619646625765371,0.0104073764921708,,,0.1447596370953079,0.127640744594416,0.0212943190787042,0.0002506644261274,-4.788749788122025,-26.891035531943064,60.32764035229172,-484.3485226086849,20,9,train20_eval9_scn1
real10kg_mpc_event,sinusoidal,2,20000,0.0,1.0,1.0,0.03,0.01,0.6070887046219742,0.0,1.0,1.0,0.1609188195724893,0.6257627010316983,0.2460213363895277,3.379295211022276,0.0869727753840976,0.1755895965651569,54.79121410666436,2.609105433650684,0.0101984681757788,86.00636476281238,138.5128608853661,0.0080257560087864,0.0241017941048325,0.2460213363895277,real10kg_mpc_event,True,2.5,1.0,0.75,real_10kg_v1,thruster,real_10kg_x,1.0,0.2378571428571428,0.4676190476190476,0.0101984681757788,0.0012572462073142,0.2635906272964374,0.1755895965651569,,,0.1503744160583116,0.1300544452658965,0.0210842241945634,0.0002639723082731,-63.6058465518008,-102.6771378383306,61.934781499544464,-376.2795823316074,20,0,train20_eval0_scn2
real10kg_mpc_event,sinusoidal,2,20001,0.0,1.0,1.0,0.03,0.01,0.6068348234418248,0.0,1.0,1.0,0.1601348514749808,0.6191222906570356,0.244031455844992,3.3628318809745985,0.0869049626903046,0.1754956621137529,54.85905259132924,2.6123358376823447,0.0105404210889139,85.95809788419325,138.43612793228502,0.0082496883235509,0.0262190350319064,0.244031455844992,real10kg_mpc_event,True,2.5,1.0,0.75,real_10kg_v1,thruster,real_10kg_x,1.0,0.2384920634920635,0.4676190476190476,0.0105404210889139,0.0015915897977013,0.2613891616049157,0.1754956621137529,,,0.1500166111333681,0.1299953134054851,0.0214274325120692,0.0002681272101705,-62.66962305130501,-101.07583477996856,61.49940820532631,-493.5950315110342,20,1,train20_eval1_scn2
real10kg_mpc_event,sinusoidal,2,20002,0.0,1.0,1.0,0.03,0.01,0.607088803340113,0.0,1.0,1.0,0.1603796437117788,0.6257381546425439,0.2458252396208053,3.367972517947355,0.0869726992701118,0.175589618741671,54.77303049043365,2.608239547163507,0.0099232483698285,86.00578421345783,138.51633507915383,0.0080462045600371,0.0237392640812589,0.2458252396208053,real10kg_mpc_event,True,2.5,1.0,0.75,real_10kg_v1,thruster,real_10kg_x,1.0,0.2379365079365079,0.4676190476190476,0.0099232483698285,0.001161955167389,0.2636075965942343,0.175589618741671,,,0.1498971939585562,0.1300460549093487,0.0210579585884041,0.0002608164800719,-63.99589153668306,-102.7032629155781,61.79019667904595,-345.50680504102,20,2,train20_eval2_scn2
real10kg_mpc_event,sinusoidal,2,20003,0.0,1.0,1.0,0.03,0.01,0.6068308875715542,0.0,1.0,1.0,0.1616031060819599,0.6190816305087071,0.2446073270441923,3.393665227721158,0.0869041884069131,0.1754942514987651,54.9669435134254,2.6174735006393046,0.0108556018060257,85.95827215012999,138.42656962938284,0.0096477050571289,0.0589140756472629,0.2446073270441923,real10kg_mpc_event,True,2.5,1.0,0.75,real_10kg_v1,thruster,real_10kg_x,1.0,0.2391269841269841,0.4680952380952381,0.0108556018060257,0.0016169308752803,0.2612999370939661,0.1754942514987651,,,0.151687107439282,0.1300183888361249,0.022901326470123,0.0002794253458831,-61.25782287865486,-100.97152366909292,57.87272379302879,-478.6629234259204,20,3,train20_eval3_scn2
real10kg_mpc_event,sinusoidal,2,20004,0.0,1.0,1.0,0.03,0.01,0.6069731287205994,0.0,1.0,1.0,0.1603530586490749,0.6227599860043482,0.2450444064367065,3.367414231630574,0.0869418998983211,0.1755468255873371,54.80804923658114,2.609907106503864,0.0104785966524683,85.98555266847815,138.48294847386472,0.0079794133564605,0.0245508719705929,0.2450444064367065,real10kg_mpc_event,True,2.5,1.0,0.75,real_10kg_v1,thruster,real_10kg_x,1.0,0.238015873015873,0.4676190476190476,0.0104785966524683,0.0013298313580966,0.2626006684825407,0.1755468255873371,,,0.1498700606362816,0.1300369496317118,0.0210619055485101,0.000263739428582,-63.50457549450304,-101.9431163421423,62.114475643800326,-404.22167259799255,20,4,train20_eval4_scn2
real10kg_mpc_event,sinusoidal,2,20005,0.0,1.0,1.0,0.03,0.01,0.6070956252445509,0.0,1.0,1.0,0.1612663531100359,0.6260031304351703,0.2462166869601372,3.386593415310755,0.0869750398176101,0.1755922343750717,54.89096778460647,2.613855608790784,0.0109087895710075,86.00852116778206,138.51069412588637,0.008334340834464,0.0271012630931546,0.2462166869601372,real10kg_mpc_event,True,2.5,1.0,0.75,real_10kg_v1,thruster,real_10kg_x,1.0,0.2385714285714285,0.4680952380952381,0.0109087895710075,0.0016073920728287,0.2636326006460218,0.1755922343750717,,,0.1511407132799247,0.1301215189188843,0.0215356706392001,0.0002735877391634,-62.905600759025205,-102.60492102798632,61.29983145594022,-487.5234313290943,20,5,train20_eval5_scn2
real10kg_mpc_event,sinusoidal,2,20006,0.0,1.0,1.0,0.03,0.01,0.6071233661222056,0.0,1.0,1.0,0.1607486537994156,0.6267178160385144,0.2462189358880335,3.375721729787729,0.0869823075903648,0.1756024564194096,54.81307710548041,2.6101465288324004,0.0106450991885862,86.01320523677833,138.5248689704749,0.0079576910520979,0.0243091271134962,0.2462189358880335,real10kg_mpc_event,True,2.5,1.0,0.75,real_10kg_v1,thruster,real_10kg_x,1.0,0.238015873015873,0.4680952380952381,0.0106450991885862,0.001372245106045,0.2639101929196674,0.1756024564194096,,,0.1503812986752958,0.1300990207742723,0.0210227020466216,0.0002658864983006,-63.72975766067223,-102.8533276799704,62.14715389843656,-416.10183849703344,20,6,train20_eval6_scn2
real10kg_mpc_event,sinusoidal,2,20007,0.0,1.0,1.0,0.03,0.01,0.606739827207711,0.0,1.0,1.0,0.1600886250315505,0.6164836057933002,0.2433624253473298,3.361861125662561,0.0868791386804997,0.1754604649208344,54.94899057541088,2.6166185988290893,0.0107074872832927,85.93984464564495,138.4073643527622,0.0094571112332073,0.0556673843122769,0.2433624253473298,real10kg_mpc_event,True,2.5,1.0,0.75,real_10kg_v1,thruster,real_10kg_x,1.0,0.239047619047619,0.4676190476190476,0.0107074872832927,0.0015528294225006,0.2604987518214399,0.1754604649208344,,,0.1505174100797623,0.1300087736445064,0.0226513971780827,0.0002752193949869,-61.683904352570906,-100.3701323525618,58.24932493630932,-464.2151137547871,20,7,train20_eval7_scn2
real10kg_mpc_event,sinusoidal,2,20008,0.0,1.0,1.0,0.03,0.01,0.6069155500964429,0.0,1.0,1.0,0.1579834257112585,0.6212286868213749,0.2439066730432082,3.3176519399364293,0.0869261680434941,0.1755254325530719,54.75628729281775,2.60744225203894,0.009695147791584,85.97305132973787,138.47466100463146,0.0081047660224827,0.024091075110876,0.2439066730432082,real10kg_mpc_event,True,2.5,1.0,0.75,real_10kg_v1,thruster,real_10kg_x,1.0,0.2381746031746031,0.4676190476190476,0.009695147791584,0.0011291928716859,0.2621908783998337,0.1755254325530719,,,0.1479601513848952,0.1300435625747224,0.0209427234232317,0.0002530246163043,-64.84619051836673,-101.6177296351598,61.30032441963993,-346.2778713704016,20,8,train20_eval8_scn2
real10kg_mpc_event,sinusoidal,2,20009,0.0,1.0,1.0,0.03,0.01,0.6068203118148482,0.0,1.0,1.0,0.1570248692796913,0.6186072680855641,0.2429595195756698,3.2975222548735186,0.0869006593267189,0.1754902332528147,54.88228882434444,2.6134423249687826,0.0109039964800097,85.95432604771747,138.44583920201356,0.0085472142649135,0.0374470163062657,0.2429595195756698,real10kg_mpc_event,True,2.5,1.0,0.75,real_10kg_v1,thruster,real_10kg_x,1.0,0.2388888888888889,0.4676190476190476,0.0109039964800097,0.0016505160596294,0.2613265065010532,0.1754902332528147,,,0.1478880655854587,0.1301148303890554,0.0214998259229731,0.0002649349013171,-64.28608935673252,-100.84298286341584,60.24519316791004,-522.9892896043182,20,9,train20_eval9_scn2
real10kg_mpc_event,step_change,3,20000,0.0,1.0,1.0,0.03,0.01,0.0172140814539312,1.0,1.0,1.0,0.0246162052791085,0.1712843819373782,0.0401516080310201,0.5169403108612802,0.008930762174438,0.0095589862368061,26.65825441238285,1.2694406863039451,0.0097275795167009,86.84359050182077,143.01681311215262,0.0080588772121186,0.0241745940984396,0.0401516080310201,real10kg_mpc_event,True,2.5,1.0,0.75,real_10kg_v1,thruster,real_10kg_x,1.0,0.0252380952380952,0.079047619047619,0.0097275795167009,0.0021209226091756,0.0257951884349926,0.0095589862368061,,,0.13450071994101,0.109334202780954,0.020890756065032,0.0030130005801835,70.14766311390002,76.4070274636089,61.4237168485827,29.607626924304792,20,0,train20_eval0_scn3
real10kg_mpc_event,step_change,3,20001,0.0,1.0,1.0,0.03,0.01,0.0172128624111557,1.0,1.0,1.0,0.0249425545025395,0.1693177847260529,0.0404496229373755,0.5237936445533298,0.0089329103428759,0.0095607553358979,26.71205362254981,1.272002553454753,0.0100513753331032,86.7861107252564,142.91687565434944,0.008280342799817,0.0261937664301935,0.0404496229373755,real10kg_mpc_event,True,2.5,1.0,0.75,real_10kg_v1,thruster,real_10kg_x,1.0,0.0254761904761904,0.079047619047619,0.0100513753331032,0.0024692023056162,0.0258476702121925,0.0095607553358979,,,0.1347306525511526,0.1092735576119189,0.02115781082077,0.0030185794343164,69.97741629580673,76.34590583754068,60.863896222720506,18.19985660985601,20,1,train20_eval1_scn3
real10kg_mpc_event,step_change,3,20002,0.0,1.0,1.0,0.03,0.01,0.0172140315229387,1.0,1.0,1.0,0.0240329280411961,0.16268307745328,0.0387563490335991,0.5046914888651192,0.0089308473354595,0.0095590346969983,26.642628503102294,1.2686965953858236,0.0094519575898749,86.83853595809764,143.00822884724823,0.0080791946356715,0.0238181285038849,0.0387563490335991,real10kg_mpc_event,True,2.5,1.0,0.75,real_10kg_v1,thruster,real_10kg_x,1.0,0.0251587301587301,0.079047619047619,0.0094519575898749,0.0020242162557837,0.0257889821045557,0.0095590346969983,,,0.13397713736707,0.1094023393683615,0.0208804775015014,0.0030094816225216,71.07241593958334,76.42739428292906,61.30742395574692,32.73870687113124,20,2,train20_eval2_scn3
real10kg_mpc_event,step_change,3,20003,0.0,1.0,1.0,0.03,0.01,0.0172127798236362,1.0,1.0,1.0,0.0265545864778454,0.191146942016915,0.0444430492939466,0.5576463160347546,0.0089330571328458,0.0095609270347706,26.816345743768697,1.2769688449413663,0.0103478019847021,86.78852940634448,142.92075528592557,0.0096734439650469,0.0589140738504541,0.0444430492939466,real10kg_mpc_event,True,2.5,1.0,0.75,real_10kg_v1,thruster,real_10kg_x,1.0,0.0261111111111111,0.0795238095238095,0.0103478019847021,0.0024735898778223,0.0258730011264805,0.0095609270347706,,,0.1363968065870077,0.1090434865842688,0.0225647008185126,0.0030298001572156,67.41635643383167,76.27276792320293,57.13019178561159,18.35798569316937,20,3,train20_eval3_scn3
real10kg_mpc_event,step_change,3,20004,0.0,1.0,1.0,0.03,0.01,0.017213584684318,1.0,1.0,1.0,0.0245411866433214,0.1676301232169501,0.0397667904966965,0.5153649195097499,0.0089316488360474,0.0095596998050672,26.673352124413352,1.2701596249720644,0.0100013713356739,86.81803280323456,142.97223607059863,0.0080125791954822,0.024603707347527,0.0397667904966965,real10kg_mpc_event,True,2.5,1.0,0.75,real_10kg_v1,thruster,real_10kg_x,1.0,0.0251587301587301,0.079047619047619,0.0100013713356739,0.0022080576950718,0.0258155935014199,0.0095596998050672,,,0.1342677334800761,0.1093583805818216,0.0208462219958244,0.0030138246530458,70.38246683251157,76.39358468544182,61.56339888787902,26.73569469808558,20,4,train20_eval4_scn3
real10kg_mpc_event,step_change,3,20005,0.0,1.0,1.0,0.03,0.01,0.0172137944252361,1.0,1.0,1.0,0.0249546375263807,0.1761279307438622,0.0410599003281731,0.5240473880539962,0.0089312729337937,0.0095594837466134,26.773498012967263,1.274928476807965,0.0104027393790939,86.84095531195838,143.0092689125487,0.0083605214573727,0.0271012600470081,0.0410599003281731,real10kg_mpc_event,True,2.5,1.0,0.75,real_10kg_v1,thruster,real_10kg_x,1.0,0.0259523809523809,0.0795238095238095,0.0104027393790939,0.0024681428806712,0.025796401025307,0.0095594837466134,,,0.1349371114618903,0.1093401431033942,0.0212310993921032,0.0030223588455776,69.57108397879888,76.40720023485478,60.62134464651203,18.337199294430327,20,5,train20_eval5_scn3
real10kg_mpc_event,step_change,3,20006,0.0,1.0,1.0,0.03,0.01,0.0172140753187493,1.0,1.0,1.0,0.024254254203212,0.1674491439808966,0.0394409291131378,0.509339338267453,0.0089307739787355,0.0095590163152081,26.6957619305266,1.2712267585965047,0.0101597500479681,86.84686471229836,143.02053867833212,0.0079884084506972,0.0243376027793006,0.0394409291131378,real10kg_mpc_event,True,2.5,1.0,0.75,real_10kg_v1,thruster,real_10kg_x,1.0,0.0253968253968253,0.0795238095238095,0.0101597500479681,0.0022221698712911,0.0257821855991753,0.0095590163152081,,,0.1341838252450332,0.1094239329062676,0.0208017314377623,0.0030144552103858,70.60679329933046,76.43825723092928,61.59738685888661,26.2828698321675,20,6,train20_eval6_scn3
real10kg_mpc_event,step_change,3,20007,0.0,1.0,1.0,0.03,0.01,0.0172124700975389,1.0,1.0,1.0,0.0253515665423526,0.1723728195961251,0.0413452553325357,0.5323828973894063,0.0089336259220171,0.0095613413929342,26.80292029591117,1.276329537900532,0.0102136402800596,86.76737104016081,142.8833100976954,0.0094842727374143,0.0556673819317605,0.0413452553325357,real10kg_mpc_event,True,2.5,1.0,0.75,real_10kg_v1,thruster,real_10kg_x,1.0,0.026031746031746,0.079047619047619,0.0102136402800596,0.0024405706946148,0.0258654082787427,0.0095613413929342,,,0.1352696227696039,0.1092351252537915,0.0223342017905247,0.0030263310216986,69.43492967156682,76.32134515463925,57.53475845535665,19.3554612130665,20,7,train20_eval7_scn3
real10kg_mpc_event,step_change,3,20008,0.0,1.0,1.0,0.03,0.01,0.0172134675652022,1.0,1.0,1.0,0.0221965345482705,0.1327824109764654,0.034352806293506,0.4661272255136821,0.0089318649304646,0.0095597434889093,26.64008232584089,1.268575348849566,0.0092406640111238,86.79680114598412,142.93401930672135,0.0081392284474645,0.0240910751172824,0.034352806293506,real10kg_mpc_event,True,2.5,1.0,0.75,real_10kg_v1,thruster,real_10kg_x,1.0,0.025079365079365,0.0785714285714285,0.0092406640111238,0.0019790583830496,0.0257953504239961,0.0095597434889093,,,0.1321133219412042,0.1097263296047462,0.0208023284007857,0.0030031822437193,73.9974699078459,76.49119357503744,60.87347391767385,34.10128915124807,20,8,train20_eval8_scn3
real10kg_mpc_event,step_change,3,20009,0.0,1.0,1.0,0.03,0.01,0.0172125765784754,1.0,1.0,1.0,0.0216144184934523,0.12160000428953,0.033105198385737,0.4539027883624989,0.0089334673296002,0.0095611430563951,26.792895005460963,1.2758521431171888,0.0104063041572191,86.76605448090132,142.876824139286,0.0085741239393367,0.0374470138225841,0.033105198385737,real10kg_mpc_event,True,2.5,1.0,0.75,real_10kg_v1,thruster,real_10kg_x,1.0,0.0259523809523809,0.079047619047619,0.0104063041572191,0.0024956072540506,0.0258009877432656,0.0095611430563951,,,0.13167579513577,0.1098750013518436,0.0212203655008039,0.003015545216968,74.85855441267508,76.51787264998951,59.59483384481785,17.24192228959962,20,9,train20_eval9_scn3
