method,scenario,scenario_id,seed,start_time,mass_scale_xy,damping_scale_xy,initial_position_std,initial_velocity_std,final_error,success_0.5m,success_1.0m,success_2.0m,mean_error,max_error,rmse,iae,steady_state_error,steady_state_rmse,energy,mean_thrust,control_tv,heading_rmse_deg,heading_max_deg,z_rmse,z_max_abs_error,rmse_3d,primary_controller,authority_controller,authority_until,blend_duration,blend_curve,authority_active_fraction,authority_alpha_mean,authority_alpha_std,alpha_raw_mean,alpha_uncertainty_std,policy_architecture,history_len,trajectory3d,current_amplitude_scale,current_frequency_scale,vertical_current,vehicle_profile,action_mode,thruster_layout,action_peak_abs,action_saturation_fraction,action_saturation_step_fraction,action_tv_mean,action_jerk_mean,alpha_delta_mean,alpha_delta_max,alpha_jerk_mean,post_startup_rmse,tail_rmse,disturbance_window_rmse,disturbance_recovery_time_s,reference_rmse,reference_post_startup_rmse,reference_z_rmse,reference_action_jerk_mean,rmse_gain_vs_authority0_pct,post_startup_rmse_gain_vs_authority0_pct,z_rmse_gain_vs_authority0_pct,action_jerk_mean_gain_vs_authority0_pct,rmse_gain_pct,post_startup_gain_pct
predictive_alpha,constant,1,21000,0.0,1.0,1.0,0.03,0.01,0.04493921470337229,1.0,1.0,1.0,0.09136428443549179,0.2477790318095609,0.10027883596681744,1.9186499731453277,0.07953396970708224,0.08142641947145211,30.509900029181065,1.4528523823419555,0.019154881119568434,13.533833638352823,45.0,0.013960249627359854,0.05301960056948185,0.10027883596681744,real10kg_smc_steady,real10kg_mpc_event,-1.0,-1.0,predictive_alpha,1.0,0.250494352987945,0.2900129490955645,0.22471095427482699,0.0,transformer,16,True,2.5,1.0,0.75,real_10kg_v1,thruster,real_10kg_x,1.0,0.04587301587301587,0.1319047619047619,0.019154881119568434,0.0027320459537697865,0.008392133302427565,0.012500000000000011,0.0006937823367513097,0.09289539629192554,0.08142641947145211,,,,,,,,,,,,
predictive_alpha,constant,1,21001,0.0,1.0,1.0,0.03,0.01,0.04493996447734038,1.0,1.0,1.0,0.08927941195377936,0.21328087575688864,0.0968791547503305,1.8748676510293667,0.07953757248646513,0.08143101840946662,30.370334291788367,1.4462063948470651,0.01896481696927249,13.581933410065444,45.0,0.013982239583426797,0.052129364374831455,0.0968791547503305,real10kg_smc_steady,real10kg_mpc_event,-1.0,-1.0,predictive_alpha,1.0,0.24989646787234154,0.28983019432547097,0.22264818994530722,0.0,transformer,16,True,2.5,1.0,0.75,real_10kg_v1,thruster,real_10kg_x,1.0,0.04587301587301587,0.1319047619047619,0.01896481696927249,0.002720816224919153,0.00839648194197867,0.012500000000000011,0.0006838661299836025,0.09297398772360536,0.08143101840946662,,,,,,,,,,,,
predictive_alpha,constant,1,21002,0.0,1.0,1.0,0.03,0.01,0.04495273645668457,1.0,1.0,1.0,0.08962189415461785,0.2125934891104206,0.09709558392292446,1.8820597772469752,0.07960691124285826,0.08150546902166159,30.44319884562131,1.4496761355057766,0.019275680486555997,13.553013555910503,45.0,0.015085395282009877,0.05525729857009637,0.09709558392292446,real10kg_smc_steady,real10kg_mpc_event,-1.0,-1.0,predictive_alpha,1.0,0.2511433086174975,0.2904568693181801,0.2240153682318106,0.0,transformer,16,True,2.5,1.0,0.75,real_10kg_v1,thruster,real_10kg_x,1.0,0.04587301587301587,0.1319047619047619,0.019275680486555997,0.0027546212444796484,0.008405215855263484,0.012500000000000011,0.0006857972543814797,0.09292090063041458,0.08150546902166159,,,,,,,,,,,,
predictive_alpha,constant,1,21003,0.0,1.0,1.0,0.03,0.01,0.04495197641346181,1.0,1.0,1.0,0.09098206442235343,0.2438229769179957,0.09990609362684504,1.910623352869422,0.07950447242990508,0.0813942417450976,30.462529012989698,1.4505966196661761,0.018668939793422015,13.487173052166327,45.0,0.013968146040327504,0.045217721918049014,0.09990609362684504,real10kg_smc_steady,real10kg_mpc_event,-1.0,-1.0,predictive_alpha,1.0,0.24760249352016822,0.2887419407603417,0.22207711508974345,0.0,transformer,16,True,2.5,1.0,0.75,real_10kg_v1,thruster,real_10kg_x,1.0,0.045714285714285714,0.1319047619047619,0.018668939793422015,0.002689692768928067,0.008409909653879772,0.012500000000000011,0.0006594132045690107,0.09317520948938554,0.0813942417450976,,,,,,,,,,,,
predictive_alpha,constant,1,21004,0.0,1.0,1.0,0.03,0.01,0.04498228404139449,1.0,1.0,1.0,0.08931953546392774,0.2144420250904397,0.09702197516530478,1.8757102447424825,0.07952768056683196,0.08142132950882291,30.438240656679646,1.4494400312704594,0.018752660816570343,13.4923558517601,45.0,0.013415723424853055,0.04555728836890388,0.09702197516530478,real10kg_smc_steady,real10kg_mpc_event,-1.0,-1.0,predictive_alpha,1.0,0.24794550431050053,0.2892946107983919,0.22260235807650522,0.0,transformer,16,True,2.5,1.0,0.75,real_10kg_v1,thruster,real_10kg_x,1.0,0.045714285714285714,0.1319047619047619,0.018752660816570343,0.002686705310871377,0.008386971079679229,0.012500000000000011,0.0006657575936638102,0.09326942571291884,0.08142132950882291,,,,,,,,,,,,
predictive_alpha,constant,1,21005,0.0,1.0,1.0,0.03,0.01,0.044952438644877635,1.0,1.0,1.0,0.08930614663007334,0.21029689558241405,0.09678636755866325,1.8754290792315402,0.0795220352907117,0.08141214531813533,30.41236052791031,1.4482076441862053,0.0191033286073978,13.558840927426138,45.0,0.014405959460205826,0.05356760174898523,0.09678636755866325,real10kg_smc_steady,real10kg_mpc_event,-1.0,-1.0,predictive_alpha,1.0,0.2504385592498452,0.2900413654739267,0.22330811102591855,0.0,transformer,16,True,2.5,1.0,0.75,real_10kg_v1,thruster,real_10kg_x,1.0,0.04587301587301587,0.1319047619047619,0.0191033286073978,0.002757413114560173,0.008411875507723305,0.012500000000000011,0.0006830742829255529,0.09302116449002867,0.08141214531813533,,,,,,,,,,,,
predictive_alpha,constant,1,21006,0.0,1.0,1.0,0.03,0.01,0.04497884855583887,1.0,1.0,1.0,0.09009778662176998,0.21416612134697738,0.09758441371043776,1.8920535190571695,0.07948439947181739,0.0813809108474922,30.431565654735806,1.4491221740350384,0.01952673052153136,13.575825199826493,45.0,0.017599296466840785,0.0803860378836152,0.09758441371043776,real10kg_smc_steady,real10kg_mpc_event,-1.0,-1.0,predictive_alpha,1.0,0.25227212718916286,0.2904824540173518,0.22432482868036632,0.0,transformer,16,True,2.5,1.0,0.75,real_10kg_v1,thruster,real_10kg_x,1.0,0.045396825396825394,0.13142857142857142,0.01952673052153136,0.0027602441256440596,0.008443615973398603,0.012500000000000011,0.0006551421044817042,0.09277982636949121,0.0813809108474922,,,,,,,,,,,,
predictive_alpha,constant,1,21007,0.0,1.0,1.0,0.03,0.01,0.0449585433462449,1.0,1.0,1.0,0.09160424214811957,0.2504392992686608,0.10051748336562834,1.923689085110511,0.07960534640099318,0.0815043500033855,30.493991374290218,1.4520948273471532,0.0192407550607252,13.509699692084947,45.0,0.014225666967879183,0.055112901472448295,0.10051748336562834,real10kg_smc_steady,real10kg_mpc_event,-1.0,-1.0,predictive_alpha,1.0,0.2512057862799389,0.2902123071764588,0.22528099686353623,0.0,transformer,16,True,2.5,1.0,0.75,real_10kg_v1,thruster,real_10kg_x,1.0,0.045396825396825394,0.13142857142857142,0.0192407550607252,0.0027327630622643643,0.008427554451755179,0.012500000000000011,0.0006702098050320836,0.09278295157805534,0.0815043500033855,,,,,,,,,,,,
predictive_alpha,constant,1,21008,0.0,1.0,1.0,0.03,0.01,0.04499705332373556,1.0,1.0,1.0,0.08892192859841336,0.21057166758316145,0.09655963836002279,1.8673605005666807,0.07942996048993378,0.08131361459632151,30.387209600132874,1.4470099809587083,0.01870464548283305,13.513889177724113,45.0,0.01340083659728004,0.045982962186673304,0.09655963836002279,real10kg_smc_steady,real10kg_mpc_event,-1.0,-1.0,predictive_alpha,1.0,0.2478367485634032,0.28931506043270283,0.22197510862903158,0.0,transformer,16,True,2.5,1.0,0.75,real_10kg_v1,thruster,real_10kg_x,1.0,0.045714285714285714,0.1319047619047619,0.01870464548283305,0.0026987152195458697,0.008395179801940565,0.012500000000000011,0.0006373847120625406,0.0932507060953252,0.08131361459632151,,,,,,,,,,,,
predictive_alpha,constant,1,21009,0.0,1.0,1.0,0.03,0.01,0.04496151950813661,1.0,1.0,1.0,0.08865963159934291,0.20155581467282596,0.09567737297301802,1.8618522635862014,0.07962038456365528,0.0815197856612164,30.40588507094275,1.447899289092512,0.01915854073774493,13.572861146378584,45.0,0.014834845981599292,0.053344262545301946,0.09567737297301802,real10kg_smc_steady,real10kg_mpc_event,-1.0,-1.0,predictive_alpha,1.0,0.2507265706371976,0.29036557386168527,0.22281685170601123,0.0,transformer,16,True,2.5,1.0,0.75,real_10kg_v1,thruster,real_10kg_x,1.0,0.04587301587301587,0.1319047619047619,0.01915854073774493,0.0027355962313015863,0.008406909175667162,0.012500000000000011,0.0006792660170782035,0.09304576408994028,0.0815197856612164,,,,,,,,,,,,
predictive_alpha,sinusoidal,2,21000,0.0,1.0,1.0,0.03,0.01,0.4652058004589542,1.0,1.0,1.0,0.08625783559304691,0.4652058004589542,0.10348300452133986,1.8114145474539851,0.11765855159715655,0.14947732186797874,38.64279969590302,1.8401333188525248,0.019775523675988584,13.34963484083594,45.0,0.013742337784401577,0.053242449826011784,0.10348300452133986,real10kg_smc_steady,real10kg_mpc_event,-1.0,-1.0,predictive_alpha,1.0,0.226880424841129,0.24878306492412677,0.2146142825855696,0.0,transformer,16,True,2.5,1.0,0.75,real_10kg_v1,thruster,real_10kg_x,1.0,0.07142857142857142,0.22476190476190477,0.019775523675988584,0.0026442077925174245,0.008222305301622471,0.012500000000000011,0.0006946842716210212,0.09619804024921491,0.14947732186797874,,,,,,,,,,,,
predictive_alpha,sinusoidal,2,21001,0.0,1.0,1.0,0.03,0.01,0.4662768867123796,1.0,1.0,1.0,0.08316943817942356,0.4662768867123796,0.09904606363169664,1.7465582017678947,0.11785766206516696,0.14986136859279892,38.4970151660144,1.833191198381638,0.019358716228046496,13.300049650085981,45.0,0.01397512429577374,0.05427663660054344,0.09904606363169664,real10kg_smc_steady,real10kg_mpc_event,-1.0,-1.0,predictive_alpha,1.0,0.22193784762873725,0.24891626685288662,0.2071007780198263,0.0,transformer,16,True,2.5,1.0,0.75,real_10kg_v1,thruster,real_10kg_x,1.0,0.0715079365079365,0.22428571428571428,0.019358716228046496,0.0025971767896246787,0.008075389291482075,0.012500000000000011,0.0006988917886405449,0.09618772124790513,0.14986136859279892,,,,,,,,,,,,
predictive_alpha,sinusoidal,2,21002,0.0,1.0,1.0,0.03,0.01,0.46660848162066937,1.0,1.0,1.0,0.08418871595224373,0.46660848162066937,0.1002260198869816,1.7679630349971183,0.11789429461534644,0.14995011121050594,38.52329115699728,1.8344424360474898,0.019585524888449952,13.245233744206015,45.0,0.015176822394033236,0.05799703492228864,0.1002260198869816,real10kg_smc_steady,real10kg_mpc_event,-1.0,-1.0,predictive_alpha,1.0,0.22317903156812832,0.250310024829604,0.2076229682700276,0.0,transformer,16,True,2.5,1.0,0.75,real_10kg_v1,thruster,real_10kg_x,1.0,0.07087301587301588,0.22238095238095237,0.019585524888449952,0.0026325730535893227,0.00808593737491212,0.012500000000000011,0.0006954009775819092,0.09629923998219125,0.14995011121050594,,,,,,,,,,,,
predictive_alpha,sinusoidal,2,21003,0.0,1.0,1.0,0.03,0.01,0.46585038175781823,1.0,1.0,1.0,0.08786855377537352,0.46585038175781823,0.1051906673491094,1.845239629282844,0.11765880426072976,0.14957738338602872,38.666043021108955,1.8412401438623311,0.019973186738048935,13.600347363541308,45.0,0.013362492125656163,0.038405808982542755,0.1051906673491094,real10kg_smc_steady,real10kg_mpc_event,-1.0,-1.0,predictive_alpha,1.0,0.23525606409852184,0.25456391837991416,0.21540141863085974,0.0,transformer,16,True,2.5,1.0,0.75,real_10kg_v1,thruster,real_10kg_x,1.0,0.07301587301587302,0.23285714285714285,0.019973186738048935,0.0026701197560447844,0.00835041427641644,0.012500000000000011,0.0007045603859729705,0.09647306787329284,0.14957738338602872,,,,,,,,,,,,
predictive_alpha,sinusoidal,2,21004,0.0,1.0,1.0,0.03,0.01,0.4665298077153378,1.0,1.0,1.0,0.08333645704939652,0.4665298077153378,0.09923343263758647,1.750065598037327,0.11786511439124528,0.14990834903717248,38.50133827244921,1.8333970605928194,0.01939951460946372,13.396922383248627,45.0,0.013165505669947147,0.045260345330458474,0.09923343263758647,real10kg_smc_steady,real10kg_mpc_event,-1.0,-1.0,predictive_alpha,1.0,0.2259936905438155,0.24882265399586095,0.21296678215309622,0.0,transformer,16,True,2.5,1.0,0.75,real_10kg_v1,thruster,real_10kg_x,1.0,0.07293650793650794,0.2319047619047619,0.01939951460946372,0.0025701299836409157,0.008192125233492333,0.012500000000000011,0.0007143947784492624,0.09632990267973673,0.14990834903717248,,,,,,,,,,,,
predictive_alpha,sinusoidal,2,21005,0.0,1.0,1.0,0.03,0.01,0.4664708700065724,1.0,1.0,1.0,0.08354807984191821,0.4664708700065724,0.09948211350463904,1.7545096766802826,0.11785437253517386,0.14988724114746407,38.508464313525856,1.8337363958821835,0.019478005153885265,13.275952957671583,45.0,0.014405721404139404,0.05586542337236022,0.09948211350463904,real10kg_smc_steady,real10kg_mpc_event,-1.0,-1.0,predictive_alpha,1.0,0.22311914415935205,0.250047717749434,0.2081205392978154,0.0,transformer,16,True,2.5,1.0,0.75,real_10kg_v1,thruster,real_10kg_x,1.0,0.07071428571428572,0.22285714285714286,0.019478005153885265,0.002611917479634747,0.008090223121683268,0.012500000000000011,0.000714361302620818,0.09623242537091897,0.14988724114746407,,,,,,,,,,,,
predictive_alpha,sinusoidal,2,21006,0.0,1.0,1.0,0.03,0.01,0.46878660042251,1.0,1.0,1.0,0.0843811734391917,0.46878660042251,0.10053169513716277,1.7720046422230258,0.11818206342151187,0.1505988400218791,38.51110917222553,1.833862341534549,0.01983159570981276,13.26537750627642,45.0,0.017715845309667754,0.08037897355873752,0.10053169513716277,real10kg_smc_steady,real10kg_mpc_event,-1.0,-1.0,predictive_alpha,1.0,0.22287735485223129,0.2508367773928218,0.20496516230915274,0.0,transformer,16,True,2.5,1.0,0.75,real_10kg_v1,thruster,real_10kg_x,1.0,0.07023809523809524,0.22142857142857142,0.01983159570981276,0.0026455367273434996,0.008048785744170131,0.012500000000000011,0.0007209857216295975,0.0964839040273786,0.1505988400218791,,,,,,,,,,,,
predictive_alpha,sinusoidal,2,21007,0.0,1.0,1.0,0.03,0.01,0.4657413254349218,1.0,1.0,1.0,0.08606137392650824,0.4657413254349218,0.10327285797930769,1.807288852456673,0.11773914884858656,0.14964577873657678,38.63450010965655,1.8397381004598357,0.019681473750199952,13.294298875656956,45.0,0.014161992624285455,0.05718802724512956,0.10327285797930769,real10kg_smc_steady,real10kg_mpc_event,-1.0,-1.0,predictive_alpha,1.0,0.22517253074908314,0.24959895507574045,0.2119466561033845,0.0,transformer,16,True,2.5,1.0,0.75,real_10kg_v1,thruster,real_10kg_x,1.0,0.07119047619047619,0.22333333333333333,0.019681473750199952,0.002650024449876833,0.008163284204150417,0.012500000000000011,0.0006796347309686157,0.09621717174083044,0.14964577873657678,,,,,,,,,,,,
predictive_alpha,sinusoidal,2,21008,0.0,1.0,1.0,0.03,0.01,0.46675374897164057,1.0,1.0,1.0,0.08269445358056765,0.46675374897164057,0.09846743731019102,1.7365835251919208,0.11791923768544242,0.15000487877046167,38.46691246431227,1.8317577363958224,0.019347850727658784,13.37058383249616,45.0,0.01324066806927326,0.04688793305251182,0.09846743731019102,real10kg_smc_steady,real10kg_mpc_event,-1.0,-1.0,predictive_alpha,1.0,0.22438902456245,0.24830857356090014,0.2107630989371544,0.0,transformer,16,True,2.5,1.0,0.75,real_10kg_v1,thruster,real_10kg_x,1.0,0.07285714285714286,0.23142857142857143,0.019347850727658784,0.0025703812942809417,0.008171015462015114,0.012500000000000011,0.0006882249248615627,0.09633097128182411,0.15000487877046167,,,,,,,,,,,,
predictive_alpha,sinusoidal,2,21009,0.0,1.0,1.0,0.03,0.01,0.46903270177781886,1.0,1.0,1.0,0.08318583946794553,0.46903270177781886,0.0989986502595119,1.746902628826856,0.11828209586024707,0.15073351947063057,38.46153369481541,1.8315016045150194,0.019521766910145528,13.25946648378637,45.0,0.014932918769928076,0.05581959374118567,0.0989986502595119,real10kg_smc_steady,real10kg_mpc_event,-1.0,-1.0,predictive_alpha,1.0,0.22151241959604115,0.24970503970515423,0.2056416015110777,0.0,transformer,16,True,2.5,1.0,0.75,real_10kg_v1,thruster,real_10kg_x,1.0,0.07182539682539682,0.2257142857142857,0.019521766910145528,0.0026254310208773065,0.008030287970518094,0.012500000000000011,0.0006685343517752814,0.09657916156950733,0.15073351947063057,,,,,,,,,,,,
predictive_alpha,step_change,3,21000,0.0,1.0,1.0,0.03,0.01,0.040007730878590025,1.0,1.0,1.0,0.07305833948207086,0.2477790318095609,0.08167579179404093,1.534225129123488,0.0730885209757935,0.0749796210069126,27.06339105878924,1.2887329075613922,0.02029426601666267,13.407472298904157,45.0,0.014106745144953354,0.05301960056948185,0.08167579179404093,real10kg_smc_steady,real10kg_mpc_event,-1.0,-1.0,predictive_alpha,1.0,0.19626148706194857,0.20342499288030888,0.1668309310948964,0.0,transformer,16,True,2.5,1.0,0.75,real_10kg_v1,thruster,real_10kg_x,1.0,0.012857142857142857,0.03238095238095238,0.02029426601666267,0.005337115848174068,0.008238573180903434,0.012500000000000011,0.0007745168435469948,0.06841412874261776,0.0749796210069126,,,,,,,,,,,,
predictive_alpha,step_change,3,21001,0.0,1.0,1.0,0.03,0.01,0.04001786535019701,1.0,1.0,1.0,0.07092421143686939,0.21328087575688864,0.07735053181875548,1.489408440174257,0.07308904120869308,0.07497992098998262,26.920762483574563,1.2819410706464078,0.020106159856815128,13.458094079735442,45.0,0.014128172077513964,0.052129364374831455,0.07735053181875548,real10kg_smc_steady,real10kg_mpc_event,-1.0,-1.0,predictive_alpha,1.0,0.19558429273901212,0.20302700004432372,0.16475818120949304,0.0,transformer,16,True,2.5,1.0,0.75,real_10kg_v1,thruster,real_10kg_x,1.0,0.012857142857142857,0.03238095238095238,0.020106159856815128,0.005323253185517624,0.008236997120226545,0.012500000000000011,0.0007825811701818685,0.0683711847100266,0.07497992098998262,,,,,,,,,,,,
predictive_alpha,step_change,3,21002,0.0,1.0,1.0,0.03,0.01,0.04000703236257487,1.0,1.0,1.0,0.07129627597053793,0.2125934891104206,0.0777166381416366,1.4972217953812967,0.07307533914424516,0.07496364917519506,26.996304633461083,1.2855383158790992,0.020392067168110543,13.434879338461705,45.0,0.0152183409709109,0.05525729857009637,0.0777166381416366,real10kg_smc_steady,real10kg_mpc_event,-1.0,-1.0,predictive_alpha,1.0,0.19709171872232217,0.2043002498622353,0.16613597411867453,0.0,transformer,16,True,2.5,1.0,0.75,real_10kg_v1,thruster,real_10kg_x,1.0,0.012857142857142857,0.03238095238095238,0.020392067168110543,0.005361223131087224,0.008235150486719566,0.012500000000000011,0.0007994032274700154,0.0684251740111479,0.07496364917519506,,,,,,,,,,,,
predictive_alpha,step_change,3,21003,0.0,1.0,1.0,0.03,0.01,0.04016016172311683,1.0,1.0,1.0,0.07266778933359593,0.2438229769179957,0.08109140055316015,1.5260235760055145,0.07309938492900406,0.07499463463228148,27.0107432912226,1.2862258710105998,0.019800389196776094,13.358142904097168,45.0,0.014147406395611852,0.045217721918049014,0.08109140055316015,real10kg_smc_steady,real10kg_mpc_event,-1.0,-1.0,predictive_alpha,1.0,0.19171859627730198,0.2001050966027014,0.16476104556388843,0.0,transformer,16,True,2.5,1.0,0.75,real_10kg_v1,thruster,real_10kg_x,1.0,0.012777777777777779,0.03238095238095238,0.019800389196776094,0.005290995866067612,0.008205039729611964,0.012500000000000011,0.0008268893888913166,0.06861952088585437,0.07499463463228148,,,,,,,,,,,,
predictive_alpha,step_change,3,21004,0.0,1.0,1.0,0.03,0.01,0.040009129681727054,1.0,1.0,1.0,0.07088732340650972,0.2144420250904397,0.07738378490325676,1.488633791536704,0.07296773122631157,0.07486907050154736,26.99482448796283,1.2854678327601348,0.01989675076041173,13.376020219441775,45.0,0.013572142851583188,0.04555728836890388,0.07738378490325676,real10kg_smc_steady,real10kg_mpc_event,-1.0,-1.0,predictive_alpha,1.0,0.1929575931131766,0.20099364113969456,0.16446000996431048,0.0,transformer,16,True,2.5,1.0,0.75,real_10kg_v1,thruster,real_10kg_x,1.0,0.012777777777777779,0.03238095238095238,0.01989675076041173,0.005287092498912053,0.008154926597239402,0.012500000000000011,0.0008276040736491033,0.06858087700389659,0.07486907050154736,,,,,,,,,,,,
predictive_alpha,step_change,3,21005,0.0,1.0,1.0,0.03,0.01,0.040031280553353664,1.0,1.0,1.0,0.0709516142218428,0.21029689558241405,0.0772293001089494,1.4899838986586988,0.07308143531162767,0.07497007709565862,26.961185401689374,1.2838659715090177,0.020232923346458598,13.44059009332892,45.0,0.014548554560236866,0.05356760174898523,0.0772293001089494,real10kg_smc_steady,real10kg_mpc_event,-1.0,-1.0,predictive_alpha,1.0,0.19606513213043086,0.20356074606107658,0.16549001179671557,0.0,transformer,16,True,2.5,1.0,0.75,real_10kg_v1,thruster,real_10kg_x,1.0,0.012857142857142857,0.03238095238095238,0.020232923346458598,0.005346381525051063,0.008242833463072996,0.012500000000000011,0.000816795253576506,0.06842875761124168,0.07497007709565862,,,,,,,,,,,,
predictive_alpha,step_change,3,21006,0.0,1.0,1.0,0.03,0.01,0.03959455842853784,1.0,1.0,1.0,0.07176135463147432,0.21416612134697738,0.07835780314441057,1.5069884472609607,0.07287560329928107,0.0747630985104587,26.998384147716862,1.2856373403674695,0.020701454543898892,13.466135190949897,45.0,0.017711571823722135,0.0803860378836152,0.07835780314441057,real10kg_smc_steady,real10kg_mpc_event,-1.0,-1.0,predictive_alpha,1.0,0.1983810589358124,0.2046129581396691,0.16533641740713004,0.0,transformer,16,True,2.5,1.0,0.75,real_10kg_v1,thruster,real_10kg_x,1.0,0.01246031746031746,0.03190476190476191,0.020701454543898892,0.005356733077723208,0.0082662634838486,0.012500000000000011,0.0007688754974851533,0.0682753856180687,0.0747630985104587,,,,,,,,,,,,
predictive_alpha,step_change,3,21007,0.0,1.0,1.0,0.03,0.01,0.040131493698802145,1.0,1.0,1.0,0.07335614861874504,0.2504392992686608,0.08210546918134909,1.5404791209936457,0.07306765343425517,0.07496219447140416,27.05642571345912,1.2884012244504344,0.02035852113916827,13.385311828600866,45.0,0.014371141912219557,0.055112901472448295,0.08210546918134909,real10kg_smc_steady,real10kg_mpc_event,-1.0,-1.0,predictive_alpha,1.0,0.19677555357461565,0.20334397160617493,0.16733631901165824,0.0,transformer,16,True,2.5,1.0,0.75,real_10kg_v1,thruster,real_10kg_x,1.0,0.01246031746031746,0.03190476190476191,0.02035852113916827,0.0053403085108414865,0.00823298920570716,0.012500000000000011,0.0007989288820180431,0.06845297884013184,0.07496219447140416,,,,,,,,,,,,
predictive_alpha,step_change,3,21008,0.0,1.0,1.0,0.03,0.01,0.03983031897467677,1.0,1.0,1.0,0.0704671539040004,0.21057166758316145,0.07676704991199365,1.4798102319840087,0.07290109320812069,0.07479045148192424,26.9465306000886,1.283168123813743,0.019872369343270562,13.39997396499745,45.0,0.013559944113638797,0.045982962186673304,0.07676704991199365,real10kg_smc_steady,real10kg_mpc_event,-1.0,-1.0,predictive_alpha,1.0,0.1930838339759395,0.2011940324997174,0.16342009557890594,0.0,transformer,16,True,2.5,1.0,0.75,real_10kg_v1,thruster,real_10kg_x,1.0,0.012777777777777779,0.03238095238095238,0.019872369343270562,0.005299096109721786,0.008186889895358058,0.012500000000000011,0.0007788556325625139,0.06850800253433328,0.07479045148192424,,,,,,,,,,,,
predictive_alpha,step_change,3,21009,0.0,1.0,1.0,0.03,0.01,0.04007931951178882,1.0,1.0,1.0,0.07028183482516277,0.19638883699892942,0.07581429327990911,1.4759185313284184,0.0730848771949713,0.07497506093481392,26.958341957336245,1.2837305693969638,0.020275762677312837,13.449850742037274,45.0,0.014970246221510412,0.053344262545301946,0.07581429327990911,real10kg_smc_steady,real10kg_mpc_event,-1.0,-1.0,predictive_alpha,1.0,0.19644246481274036,0.20385200131133457,0.16497244799240782,0.0,transformer,16,True,2.5,1.0,0.75,real_10kg_v1,thruster,real_10kg_x,1.0,0.012857142857142857,0.03238095238095238,0.020275762677312837,0.005341431087392345,0.008228528509385822,0.012500000000000011,0.0008115928261979345,0.06843563503526924,0.07497506093481392,,,,,,,,,,,,
