method,scenario,scenario_id,seed,start_time,mass_scale_xy,damping_scale_xy,initial_position_std,initial_velocity_std,final_error,success_0.5m,success_1.0m,success_2.0m,mean_error,max_error,rmse,iae,steady_state_error,steady_state_rmse,energy,mean_thrust,control_tv,heading_rmse_deg,heading_max_deg,z_rmse,z_max_abs_error,rmse_3d,primary_controller,authority_controller,authority_until,blend_duration,blend_curve,alpha_bias_schedule_json,alpha_bias_abs_mean,authority_active_fraction,authority_alpha_mean,authority_alpha_std,alpha_raw_mean,alpha_uncertainty_std,policy_architecture,history_len,trajectory3d,current_amplitude_scale,current_frequency_scale,vertical_current,vehicle_profile,action_mode,thruster_layout,action_peak_abs,action_saturation_fraction,action_saturation_step_fraction,action_tv_mean,action_jerk_mean,alpha_delta_mean,alpha_delta_max,alpha_jerk_mean,post_startup_rmse,tail_rmse,disturbance_window_rmse,disturbance_recovery_time_s
predictive_alpha_sspo,constant,1,20000,0.0,1.0,1.0,0.03,0.01,0.06622969003272135,1.0,1.0,1.0,0.07194855533043774,0.2829701799390419,0.09527813719715987,1.5109196619391927,0.04640378451433696,0.04807192522428398,30.850616134353743,1.4690769587787496,0.010940209395855787,33.94698217228184,62.589153502897176,0.01023301913665246,0.03301545688320831,0.09527813719715987,real10kg_smc_steady,real10kg_mpc_event,-1.0,-1.0,predictive_alpha_sspo,"{""post_step_13_20p9s"": 0.3, ""pre_step_3_10s"": 0.1, ""startup_0_3s"": 0.3, ""step_recovery_10_13s"": 0.1}",0.2,1.0,0.41103466693955215,0.2321887551298294,0.16807048323985543,0.0,transformer,16,True,2.5,1.0,0.75,real_10kg_v1,thruster,real_10kg_x,1.0,0.05126984126984127,0.1461904761904762,0.010940209395855787,0.0013635528408515996,0.004289412877365018,0.012500000000000011,0.00036937259681503346,0.09291050474997915,0.04807192522428398,,
predictive_alpha_sspo,constant,1,20001,0.0,1.0,1.0,0.03,0.01,0.06625232043564473,1.0,1.0,1.0,0.0725349274494566,0.2828785852431067,0.09592384954532247,1.5232334764385886,0.04640760666595034,0.04807490496510124,30.82476205766314,1.4678458122696731,0.0112910655000523,33.921001340270706,62.59234716716758,0.010920758773040223,0.03710594302975917,0.09592384954532247,real10kg_smc_steady,real10kg_mpc_event,-1.0,-1.0,predictive_alpha_sspo,"{""post_step_13_20p9s"": 0.3, ""pre_step_3_10s"": 0.1, ""startup_0_3s"": 0.3, ""step_recovery_10_13s"": 0.1}",0.2,1.0,0.41076797066182874,0.23201437305764872,0.16804606823785606,0.0,transformer,16,True,2.5,1.0,0.75,real_10kg_v1,thruster,real_10kg_x,1.0,0.05119047619047619,0.1461904761904762,0.0112910655000523,0.0014051689991588165,0.004292431317767586,0.012500000000000011,0.0003683105570994971,0.09290729661235483,0.04807490496510124,,
predictive_alpha_sspo,constant,1,20002,0.0,1.0,1.0,0.03,0.01,0.06622567372246185,1.0,1.0,1.0,0.07148344999953747,0.2828753045438799,0.09465214301307635,1.501152449990287,0.04640279136332232,0.04807115170205638,30.842529596594996,1.4686918855521427,0.010841482643865563,33.94718823205221,62.588424528556764,0.010225151550841229,0.032325764797467765,0.09465214301307635,real10kg_smc_steady,real10kg_mpc_event,-1.0,-1.0,predictive_alpha_sspo,"{""post_step_13_20p9s"": 0.3, ""pre_step_3_10s"": 0.1, ""startup_0_3s"": 0.3, ""step_recovery_10_13s"": 0.1}",0.2,1.0,0.4109014917077946,0.23217632310416997,0.16750225182633757,0.0,transformer,16,True,2.5,1.0,0.75,real_10kg_v1,thruster,real_10kg_x,1.0,0.05119047619047619,0.1461904761904762,0.010841482643865563,0.0013599152224313324,0.004286747404335387,0.012500000000000011,0.00036023481781265556,0.09287799306375163,0.04807115170205638,,
predictive_alpha_sspo,constant,1,20003,0.0,1.0,1.0,0.03,0.01,0.06625295928865506,1.0,1.0,1.0,0.07401277552338652,0.28294832720086865,0.09795631587372167,1.5542682859911168,0.04640764319331473,0.04807481025656037,30.884908369484013,1.4707099223563815,0.011710919503628186,33.90280203234907,62.592185748944,0.013028973243778498,0.06435344514039605,0.09795631587372167,real10kg_smc_steady,real10kg_mpc_event,-1.0,-1.0,predictive_alpha_sspo,"{""post_step_13_20p9s"": 0.3, ""pre_step_3_10s"": 0.1, ""startup_0_3s"": 0.3, ""step_recovery_10_13s"": 0.1}",0.2,1.0,0.4111628044038392,0.2320552437679512,0.16805814807868696,0.0,transformer,16,True,2.5,1.0,0.75,real_10kg_v1,thruster,real_10kg_x,1.0,0.05119047619047619,0.1461904761904762,0.011710919503628186,0.0014617487944223733,0.0042872683740805785,0.012500000000000011,0.0003959323018320218,0.09296259262662623,0.04807481025656037,,
predictive_alpha_sspo,constant,1,20004,0.0,1.0,1.0,0.03,0.01,0.0662385244545788,1.0,1.0,1.0,0.0719686269390096,0.2829695411475725,0.09527454783035322,1.5113411657192017,0.04640567662884332,0.048073456436413885,30.836361697921323,1.4683981760914915,0.011015890741542748,33.94494352750429,62.59077507106879,0.010271787037149857,0.03392053804494438,0.09527454783035322,real10kg_smc_steady,real10kg_mpc_event,-1.0,-1.0,predictive_alpha_sspo,"{""post_step_13_20p9s"": 0.3, ""pre_step_3_10s"": 0.1, ""startup_0_3s"": 0.3, ""step_recovery_10_13s"": 0.1}",0.2,1.0,0.41091568546683177,0.2321176289347535,0.1678545251096754,0.0,transformer,16,True,2.5,1.0,0.75,real_10kg_v1,thruster,real_10kg_x,1.0,0.05126984126984127,0.1461904761904762,0.011015890741542748,0.0013823453091630386,0.0042982027790504545,0.012500000000000011,0.00037217969212282426,0.09291207343055576,0.048073456436413885,,
predictive_alpha_sspo,constant,1,20005,0.0,1.0,1.0,0.03,0.01,0.06624981921965474,1.0,1.0,1.0,0.07232232612851104,0.28279729512595864,0.09567201632723323,1.5187688486987319,0.04640981744487901,0.0480769398238636,30.898261316760024,1.4713457769885725,0.011472130974021178,33.93421176256567,62.59445912500058,0.011060579191937434,0.03670905142212058,0.09567201632723323,real10kg_smc_steady,real10kg_mpc_event,-1.0,-1.0,predictive_alpha_sspo,"{""post_step_13_20p9s"": 0.3, ""pre_step_3_10s"": 0.1, ""startup_0_3s"": 0.3, ""step_recovery_10_13s"": 0.1}",0.2,1.0,0.41151928816044775,0.23232575881487688,0.16890462614623608,0.0,transformer,16,True,2.5,1.0,0.75,real_10kg_v1,thruster,real_10kg_x,1.0,0.051111111111111114,0.1461904761904762,0.011472130974021178,0.0014432215253796451,0.004320383943749237,0.012500000000000011,0.0003810130388136291,0.09290624623762855,0.0480769398238636,,
predictive_alpha_sspo,constant,1,20006,0.0,1.0,1.0,0.03,0.01,0.06623388733816168,1.0,1.0,1.0,0.07162258542303344,0.282916974773122,0.09482808856103266,1.5040742938837024,0.04640460587207835,0.0480725769182679,30.86921879977132,1.4699627999891105,0.011076617263958964,33.94896458952441,62.589919031775224,0.010236091500247646,0.03346521427416657,0.09482808856103266,real10kg_smc_steady,real10kg_mpc_event,-1.0,-1.0,predictive_alpha_sspo,"{""post_step_13_20p9s"": 0.3, ""pre_step_3_10s"": 0.1, ""startup_0_3s"": 0.3, ""step_recovery_10_13s"": 0.1}",0.2,1.0,0.411249170641133,0.2322676012791192,0.16843847804154002,0.0,transformer,16,True,2.5,1.0,0.75,real_10kg_v1,thruster,real_10kg_x,1.0,0.05126984126984127,0.1461904761904762,0.011076617263958964,0.001391577577089832,0.004307725959717957,0.012500000000000011,0.00036718051427415174,0.09290313805730155,0.0480725769182679,,
predictive_alpha_sspo,constant,1,20007,0.0,1.0,1.0,0.03,0.01,0.06624856734135699,1.0,1.0,1.0,0.07311871566139592,0.28279431052550363,0.09661245060784114,1.5354930288893145,0.046409550555548684,0.04807660690571042,30.859196393697175,1.4694855425570084,0.011615505594682109,33.90307292238384,62.59415011168047,0.01280332657243714,0.06168431376327027,0.09661245060784114,real10kg_smc_steady,real10kg_mpc_event,-1.0,-1.0,predictive_alpha_sspo,"{""post_step_13_20p9s"": 0.3, ""pre_step_3_10s"": 0.1, ""startup_0_3s"": 0.3, ""step_recovery_10_13s"": 0.1}",0.2,1.0,0.4109276494492726,0.23205971513402998,0.16768859467078334,0.0,transformer,16,True,2.5,1.0,0.75,real_10kg_v1,thruster,real_10kg_x,1.0,0.051111111111111114,0.1461904761904762,0.011615505594682109,0.0014605783556690302,0.004292817623182469,0.012500000000000011,0.000380187932739153,0.09290959198421929,0.04807660690571042,,
predictive_alpha_sspo,constant,1,20008,0.0,1.0,1.0,0.03,0.01,0.06620709006623218,1.0,1.0,1.0,0.07003591407285992,0.28295140709512207,0.09282930653351824,1.4707541955300583,0.046399007615930896,0.048068205358614724,30.814060588334232,1.4673362184921064,0.010685549755154906,33.95632098840852,62.585110535248575,0.010246270832003187,0.031231978584363357,0.09282930653351824,real10kg_smc_steady,real10kg_mpc_event,-1.0,-1.0,predictive_alpha_sspo,"{""post_step_13_20p9s"": 0.3, ""pre_step_3_10s"": 0.1, ""startup_0_3s"": 0.3, ""step_recovery_10_13s"": 0.1}",0.2,1.0,0.4106887773353712,0.2321781186382303,0.16540097072775964,0.0,transformer,16,True,2.5,1.0,0.75,real_10kg_v1,thruster,real_10kg_x,1.0,0.051349206349206346,0.14666666666666667,0.010685549755154906,0.001354101900830722,0.004279653206862323,0.012500000000000011,0.0003714135167848874,0.09285143862410554,0.048068205358614724,,
predictive_alpha_sspo,constant,1,20009,0.0,1.0,1.0,0.03,0.01,0.06623570072343937,1.0,1.0,1.0,0.06983742926772031,0.2829122581877242,0.09242886653062506,1.4665860146221266,0.04640512814595294,0.048072902095964425,30.840831854908267,1.4686110407099173,0.011396927880787092,33.94068062191165,62.59032227921723,0.011501916846733299,0.045048408556656316,0.09242886653062506,real10kg_smc_steady,real10kg_mpc_event,-1.0,-1.0,predictive_alpha_sspo,"{""post_step_13_20p9s"": 0.3, ""pre_step_3_10s"": 0.1, ""startup_0_3s"": 0.3, ""step_recovery_10_13s"": 0.1}",0.2,1.0,0.41120771835248643,0.2322543675444055,0.1666182451219287,0.0,transformer,16,True,2.5,1.0,0.75,real_10kg_v1,thruster,real_10kg_x,1.0,0.05119047619047619,0.1461904761904762,0.011396927880787092,0.0014437055632245805,0.004296442799146609,0.012500000000000011,0.0003936045325028873,0.09286869173348924,0.048072902095964425,,
predictive_alpha_sspo,sinusoidal,2,20000,0.0,1.0,1.0,0.03,0.01,0.32536241272824984,1.0,1.0,1.0,0.05713906836454038,0.32536241272824984,0.07281913953363577,1.1999204356553481,0.07444968085998994,0.10363423715245475,40.607114467575464,1.9336721175035936,0.01257997916333566,32.21163837232659,62.761941159341795,0.01016315409900778,0.03311366065360352,0.07281913953363577,real10kg_smc_steady,real10kg_mpc_event,-1.0,-1.0,predictive_alpha_sspo,"{""post_step_13_20p9s"": 0.3, ""pre_step_3_10s"": 0.1, ""startup_0_3s"": 0.3, ""step_recovery_10_13s"": 0.1}",0.2,1.0,0.4142576365552174,0.24850171400140292,0.18114082650317523,0.0,transformer,16,True,2.5,1.0,0.75,real_10kg_v1,thruster,real_10kg_x,1.0,0.08666666666666667,0.27714285714285714,0.01257997916333566,0.0011571528383199328,0.004079446902654281,0.012500000000000011,0.0003844614700043117,0.06495380051499727,0.10363423715245475,,
predictive_alpha_sspo,sinusoidal,2,20001,0.0,1.0,1.0,0.03,0.01,0.32543248812902936,1.0,1.0,1.0,0.05747545813028126,0.32543248812902936,0.07314123150468282,1.2069846207359065,0.07446894202946572,0.10365839283454792,40.60106419178259,1.9333840091325043,0.013002606949595027,32.17708534120459,62.76885526847194,0.010896678458120028,0.03770957090045504,0.07314123150468282,real10kg_smc_steady,real10kg_mpc_event,-1.0,-1.0,predictive_alpha_sspo,"{""post_step_13_20p9s"": 0.3, ""pre_step_3_10s"": 0.1, ""startup_0_3s"": 0.3, ""step_recovery_10_13s"": 0.1}",0.2,1.0,0.4142780262298089,0.24858827490015728,0.18060032370977014,0.0,transformer,16,True,2.5,1.0,0.75,real_10kg_v1,thruster,real_10kg_x,1.0,0.08658730158730159,0.27666666666666667,0.013002606949595027,0.0011768180903735492,0.004127663442706743,0.012500000000000011,0.00035077472679592725,0.06498694823256355,0.10365839283454792,,
predictive_alpha_sspo,sinusoidal,2,20002,0.0,1.0,1.0,0.03,0.01,0.32534815802085876,1.0,1.0,1.0,0.056721871417372186,0.32534815802085876,0.0720995065171274,1.191159299764816,0.07444549423808902,0.10362918116183341,40.59883003499642,1.9332776207141151,0.012474567870011404,32.21500054354209,62.76037599953531,0.010150883195949912,0.03238304234032499,0.0720995065171274,real10kg_smc_steady,real10kg_mpc_event,-1.0,-1.0,predictive_alpha_sspo,"{""post_step_13_20p9s"": 0.3, ""pre_step_3_10s"": 0.1, ""startup_0_3s"": 0.3, ""step_recovery_10_13s"": 0.1}",0.2,1.0,0.4141092985311726,0.2484846366854855,0.18083716700463334,0.0,transformer,16,True,2.5,1.0,0.75,real_10kg_v1,thruster,real_10kg_x,1.0,0.08674603174603175,0.27714285714285714,0.012474567870011404,0.0011484444192499798,0.004070371628849875,0.012500000000000011,0.0003906579314363576,0.06494052754035125,0.10362918116183341,,
predictive_alpha_sspo,sinusoidal,2,20003,0.0,1.0,1.0,0.03,0.01,0.32543823841699665,1.0,1.0,1.0,0.058885944025610926,0.32543823841699665,0.07561886071661365,1.2366048245378296,0.07447178374038657,0.10366124185501836,40.655292231294034,1.9359662967282874,0.013402855141571402,32.15132418981605,62.770167023848956,0.013033801918994538,0.06435456977841003,0.07561886071661365,real10kg_smc_steady,real10kg_mpc_event,-1.0,-1.0,predictive_alpha_sspo,"{""post_step_13_20p9s"": 0.3, ""pre_step_3_10s"": 0.1, ""startup_0_3s"": 0.3, ""step_recovery_10_13s"": 0.1}",0.2,1.0,0.41529012002625376,0.24903531252781078,0.17996434209228027,0.0,transformer,16,True,2.5,1.0,0.75,real_10kg_v1,thruster,real_10kg_x,1.0,0.08658730158730159,0.27666666666666667,0.013402855141571402,0.0012201548113802804,0.004153225698857697,0.012500000000000011,0.0003698366726343958,0.0650051981462877,0.10366124185501836,,
predictive_alpha_sspo,sinusoidal,2,20004,0.0,1.0,1.0,0.03,0.01,0.3253893301613268,1.0,1.0,1.0,0.05704261952045322,0.3253893301613268,0.07257776531223245,1.1978950099295176,0.07445712482774475,0.10364352270032931,40.59761009620909,1.9332195283909088,0.012683982456346537,32.2018633135728,62.76461840344049,0.010213981049821134,0.03412321882974717,0.07257776531223245,real10kg_smc_steady,real10kg_mpc_event,-1.0,-1.0,predictive_alpha_sspo,"{""post_step_13_20p9s"": 0.3, ""pre_step_3_10s"": 0.1, ""startup_0_3s"": 0.3, ""step_recovery_10_13s"": 0.1}",0.2,1.0,0.4140745220669138,0.2484554742024343,0.18065717447967644,0.0,transformer,16,True,2.5,1.0,0.75,real_10kg_v1,thruster,real_10kg_x,1.0,0.08666666666666667,0.27714285714285714,0.012683982456346537,0.0011641790506721355,0.004091518660012541,0.012500000000000011,0.00036965054892657717,0.06495386783809963,0.10364352270032931,,
predictive_alpha_sspo,sinusoidal,2,20005,0.0,1.0,1.0,0.03,0.01,0.3254097174912453,1.0,1.0,1.0,0.05769400591391484,0.3254097174912453,0.07372765505191359,1.2115741241922116,0.07446350346986542,0.10365103996906441,40.622499886321414,1.9344047564914957,0.01311008075144877,32.19742980295189,62.76706999587671,0.011035649045099936,0.03735212908844518,0.07372765505191359,real10kg_smc_steady,real10kg_mpc_event,-1.0,-1.0,predictive_alpha_sspo,"{""post_step_13_20p9s"": 0.3, ""pre_step_3_10s"": 0.1, ""startup_0_3s"": 0.3, ""step_recovery_10_13s"": 0.1}",0.2,1.0,0.41530166578766986,0.2488447174166315,0.18254468751164885,0.0,transformer,16,True,2.5,1.0,0.75,real_10kg_v1,thruster,real_10kg_x,1.0,0.08658730158730159,0.27666666666666667,0.01311008075144877,0.001212890864535171,0.00414716229231596,0.012500000000000011,0.000370318917849545,0.06497305064714609,0.10365103996906441,,
predictive_alpha_sspo,sinusoidal,2,20006,0.0,1.0,1.0,0.03,0.01,0.32536861546125123,1.0,1.0,1.0,0.057011503755878025,0.32536861546125123,0.07262291333897314,1.1972415788734385,0.07445165646618702,0.10363653357367872,40.60396203404999,1.933522001621428,0.012702341744859636,32.2149735543833,62.762709345541204,0.010172018234219062,0.033654508529596255,0.07262291333897314,real10kg_smc_steady,real10kg_mpc_event,-1.0,-1.0,predictive_alpha_sspo,"{""post_step_13_20p9s"": 0.3, ""pre_step_3_10s"": 0.1, ""startup_0_3s"": 0.3, ""step_recovery_10_13s"": 0.1}",0.2,1.0,0.41464852315085593,0.24861901425557126,0.18205504350793836,0.0,transformer,16,True,2.5,1.0,0.75,real_10kg_v1,thruster,real_10kg_x,1.0,0.08666666666666667,0.27714285714285714,0.012702341744859636,0.0011776938892711323,0.004101742794228377,0.012500000000000011,0.0003799961544082691,0.06495261383372179,0.10363653357367872,,
predictive_alpha_sspo,sinusoidal,2,20007,0.0,1.0,1.0,0.03,0.01,0.32541969465222426,1.0,1.0,1.0,0.058065453110949336,0.32541969465222426,0.07406977253683343,1.219374515329936,0.07446729282967421,0.1036552361825572,40.63272780458168,1.934891800218175,0.013324094058095648,32.15786128394707,62.76869744983941,0.012801499872398092,0.0616864322185353,0.07406977253683343,real10kg_smc_steady,real10kg_mpc_event,-1.0,-1.0,predictive_alpha_sspo,"{""post_step_13_20p9s"": 0.3, ""pre_step_3_10s"": 0.1, ""startup_0_3s"": 0.3, ""step_recovery_10_13s"": 0.1}",0.2,1.0,0.41508661182645723,0.24894644272854696,0.17978828012242004,0.0,transformer,16,True,2.5,1.0,0.75,real_10kg_v1,thruster,real_10kg_x,1.0,0.08658730158730159,0.27666666666666667,0.013324094058095648,0.0012331874272336052,0.004167152354519522,0.012500000000000011,0.00035979362089241335,0.06497803348219244,0.1036552361825572,,
predictive_alpha_sspo,sinusoidal,2,20008,0.0,1.0,1.0,0.03,0.01,0.32528053802964674,1.0,1.0,1.0,0.055402293249410886,0.32528053802964674,0.06987338021408546,1.1634481582376286,0.07442700128405638,0.10360628432493556,40.585400016238225,1.932638096011344,0.012305521825451998,32.23365886989267,62.753524142638796,0.01016022813271177,0.03127585804305577,0.06987338021408546,real10kg_smc_steady,real10kg_mpc_event,-1.0,-1.0,predictive_alpha_sspo,"{""post_step_13_20p9s"": 0.3, ""pre_step_3_10s"": 0.1, ""startup_0_3s"": 0.3, ""step_recovery_10_13s"": 0.1}",0.2,1.0,0.41386001465643313,0.24839199204481707,0.1790748050266744,0.0,transformer,16,True,2.5,1.0,0.75,real_10kg_v1,thruster,real_10kg_x,1.0,0.0869047619047619,0.2776190476190476,0.012305521825451998,0.0011250820246309105,0.004060048634421287,0.012500000000000011,0.00037387895932665833,0.06486153012207835,0.10360628432493556,,
predictive_alpha_sspo,sinusoidal,2,20009,0.0,1.0,1.0,0.03,0.01,0.32536343942970086,1.0,1.0,1.0,0.05548757669406358,0.32536343942970086,0.06980829550044294,1.1652391105753352,0.07445167580568347,0.10363564291317917,40.567832094509455,1.931801528309974,0.013067625148732555,32.20732201524345,62.76303247145809,0.011478503665118588,0.04505275215256921,0.06980829550044294,real10kg_smc_steady,real10kg_mpc_event,-1.0,-1.0,predictive_alpha_sspo,"{""post_step_13_20p9s"": 0.3, ""pre_step_3_10s"": 0.1, ""startup_0_3s"": 0.3, ""step_recovery_10_13s"": 0.1}",0.2,1.0,0.41499500550946616,0.2487393751864447,0.18166975889094394,0.0,transformer,16,True,2.5,1.0,0.75,real_10kg_v1,thruster,real_10kg_x,1.0,0.08666666666666667,0.27714285714285714,0.013067625148732555,0.0012188652345089684,0.004140036348138885,0.012500000000000011,0.000378538470909968,0.06490562369949367,0.10363564291317917,,
predictive_alpha_sspo,step_change,3,20000,0.0,1.0,1.0,0.03,0.01,0.05556970469853298,1.0,1.0,1.0,0.045203294463685116,0.20846587775532127,0.05498597740071481,0.9492691837373874,0.04175013615247712,0.042838776510610826,26.715401179438864,1.2721619609256603,0.012957441709514515,33.660341937473135,61.47251359619804,0.01036717255290414,0.03301545688320831,0.05498597740071481,real10kg_smc_steady,real10kg_mpc_event,-1.0,-1.0,predictive_alpha_sspo,"{""post_step_13_20p9s"": 0.3, ""pre_step_3_10s"": 0.1, ""startup_0_3s"": 0.3, ""step_recovery_10_13s"": 0.1}",0.2,1.0,0.3822999816554378,0.20505818848161603,0.13003287013872372,0.0,transformer,16,True,2.5,1.0,0.75,real_10kg_v1,thruster,real_10kg_x,1.0,0.013968253968253968,0.039047619047619046,0.012957441709514515,0.0037150256232002512,0.004707331860022566,0.012500000000000011,0.0004514936504800825,0.039608314232479645,0.042838776510610826,,
predictive_alpha_sspo,step_change,3,20001,0.0,1.0,1.0,0.03,0.01,0.05558608372817365,1.0,1.0,1.0,0.04579807200368682,0.211656564979486,0.05611627024861011,0.9617595120774232,0.04175255071202318,0.042840918984103527,26.68999725525171,1.2709522502500814,0.013297625289136064,33.63139154232432,61.47543130088713,0.011052572109594778,0.03710594302975917,0.05611627024861011,real10kg_smc_steady,real10kg_mpc_event,-1.0,-1.0,predictive_alpha_sspo,"{""post_step_13_20p9s"": 0.3, ""pre_step_3_10s"": 0.1, ""startup_0_3s"": 0.3, ""step_recovery_10_13s"": 0.1}",0.2,1.0,0.382082679161637,0.20499519650306858,0.12984580730004902,0.0,transformer,16,True,2.5,1.0,0.75,real_10kg_v1,thruster,real_10kg_x,1.0,0.013888888888888888,0.039047619047619046,0.013297625289136064,0.0037502122500333726,0.004698453416498594,0.012500000000000011,0.00045554592589001935,0.03963195408599427,0.042840918984103527,,
predictive_alpha_sspo,step_change,3,20002,0.0,1.0,1.0,0.03,0.01,0.05556714747320458,1.0,1.0,1.0,0.04475245726480795,0.20161562561898483,0.05393228848692806,0.939801602560967,0.04175003047143067,0.04283870959706686,26.707822068195487,1.2718010508664517,0.012865574668645043,33.66019488663894,61.4723900524457,0.010358114866781946,0.032325764797467765,0.05393228848692806,real10kg_smc_steady,real10kg_mpc_event,-1.0,-1.0,predictive_alpha_sspo,"{""post_step_13_20p9s"": 0.3, ""pre_step_3_10s"": 0.1, ""startup_0_3s"": 0.3, ""step_recovery_10_13s"": 0.1}",0.2,1.0,0.3820920844646942,0.20490184743615358,0.12931052798308276,0.0,transformer,16,True,2.5,1.0,0.75,real_10kg_v1,thruster,real_10kg_x,1.0,0.013888888888888888,0.039047619047619046,0.012865574668645043,0.0037082365493044537,0.004706272625089556,0.012500000000000011,0.00044934432984155464,0.03959287504208175,0.04283870959706686,,
predictive_alpha_sspo,step_change,3,20003,0.0,1.0,1.0,0.03,0.01,0.055588030497882614,1.0,1.0,1.0,0.04726864428592509,0.22942832732512866,0.059496869301188346,0.9926415300044269,0.041753129411841526,0.04284139526147042,26.74970218111147,1.273795341957689,0.013716129515510754,33.6143279886795,61.476145372126055,0.013141111277988803,0.06435344514039605,0.059496869301188346,real10kg_smc_steady,real10kg_mpc_event,-1.0,-1.0,predictive_alpha_sspo,"{""post_step_13_20p9s"": 0.3, ""pre_step_3_10s"": 0.1, ""startup_0_3s"": 0.3, ""step_recovery_10_13s"": 0.1}",0.2,1.0,0.382459779591061,0.20495455365421122,0.13037999618648818,0.0,transformer,16,True,2.5,1.0,0.75,real_10kg_v1,thruster,real_10kg_x,1.0,0.013888888888888888,0.039047619047619046,0.013716129515510754,0.003806941597768784,0.004690405654495379,0.012500000000000011,0.0004794206207595061,0.03971424015559329,0.04284139526147042,,
predictive_alpha_sspo,step_change,3,20004,0.0,1.0,1.0,0.03,0.01,0.055575563713499344,1.0,1.0,1.0,0.045222029197199407,0.20731058657002682,0.05497238851762101,0.9496626131411876,0.04175092937134963,0.04283946810761412,26.701509404736353,1.2715004478445882,0.013030833556402364,33.65670554893706,61.473514528069984,0.010408577939279007,0.03392053804494438,0.05497238851762101,real10kg_smc_steady,real10kg_mpc_event,-1.0,-1.0,predictive_alpha_sspo,"{""post_step_13_20p9s"": 0.3, ""pre_step_3_10s"": 0.1, ""startup_0_3s"": 0.3, ""step_recovery_10_13s"": 0.1}",0.2,1.0,0.38209468644552813,0.20477452295344736,0.12996122643612104,0.0,transformer,16,True,2.5,1.0,0.75,real_10kg_v1,thruster,real_10kg_x,1.0,0.013968253968253968,0.039047619047619046,0.013030833556402364,0.003733129391471903,0.004714679913481473,0.012500000000000011,0.0004498573779338757,0.03960006014382627,0.04283946810761412,,
predictive_alpha_sspo,step_change,3,20005,0.0,1.0,1.0,0.03,0.01,0.05558354477807877,1.0,1.0,1.0,0.045596288378808955,0.21116697491778616,0.055711973095921415,0.9575220559549881,0.04175248296425478,0.042840855436847625,26.764992270184926,1.2745234414373774,0.013483322883083015,33.6404419299729,61.47544571266909,0.011191080884164683,0.03670905142212058,0.055711973095921415,real10kg_smc_steady,real10kg_mpc_event,-1.0,-1.0,predictive_alpha_sspo,"{""post_step_13_20p9s"": 0.3, ""pre_step_3_10s"": 0.1, ""startup_0_3s"": 0.3, ""step_recovery_10_13s"": 0.1}",0.2,1.0,0.3826942457934165,0.2051864883259669,0.13075563145892893,0.0,transformer,16,True,2.5,1.0,0.75,real_10kg_v1,thruster,real_10kg_x,1.0,0.013888888888888888,0.039047619047619046,0.013483322883083015,0.0037805636203401692,0.004723413561828541,0.012500000000000011,0.0004659304655324007,0.039674190196854746,0.042840855436847625,,
predictive_alpha_sspo,step_change,3,20006,0.0,1.0,1.0,0.03,0.01,0.05557274097124514,1.0,1.0,1.0,0.04488453141551769,0.20349485625250457,0.05421728377888335,0.9425751597258715,0.04175071761027735,0.04283928986694104,26.734602283961824,1.2730762992362772,0.013095794136077319,33.66106951223016,61.47327044464892,0.010372186196922765,0.03346521427416657,0.05421728377888335,real10kg_smc_steady,real10kg_mpc_event,-1.0,-1.0,predictive_alpha_sspo,"{""post_step_13_20p9s"": 0.3, ""pre_step_3_10s"": 0.1, ""startup_0_3s"": 0.3, ""step_recovery_10_13s"": 0.1}",0.2,1.0,0.38240944884462186,0.20500351368195027,0.13044934361760083,0.0,transformer,16,True,2.5,1.0,0.75,real_10kg_v1,thruster,real_10kg_x,1.0,0.013968253968253968,0.039047619047619046,0.013095794136077319,0.0037407640267841605,0.004726321785608354,0.012500000000000011,0.0004472418657307971,0.03961479253786942,0.04283928986694104,,
predictive_alpha_sspo,step_change,3,20007,0.0,1.0,1.0,0.03,0.01,0.05558385767935552,1.0,1.0,1.0,0.04639336361765709,0.21565694004108688,0.05731184899440453,0.9742606359707989,0.04175277624770774,0.04284109104482051,26.725888723571675,1.2726613677891274,0.013624930944465074,33.60991369234771,61.47581541837808,0.012916890898657217,0.06168431376327027,0.05731184899440453,real10kg_smc_steady,real10kg_mpc_event,-1.0,-1.0,predictive_alpha_sspo,"{""post_step_13_20p9s"": 0.3, ""pre_step_3_10s"": 0.1, ""startup_0_3s"": 0.3, ""step_recovery_10_13s"": 0.1}",0.2,1.0,0.38218113751373095,0.20502525777567898,0.12959108908544295,0.0,transformer,16,True,2.5,1.0,0.75,real_10kg_v1,thruster,real_10kg_x,1.0,0.013888888888888888,0.039047619047619046,0.013624930944465074,0.003796512250300545,0.004690410474866666,0.012500000000000011,0.0004779451915838244,0.03968192421195244,0.04284109104482051,,
predictive_alpha_sspo,step_change,3,20008,0.0,1.0,1.0,0.03,0.01,0.055554919664586914,1.0,1.0,1.0,0.04329823808899152,0.17891542271682717,0.050646904073668175,0.9092629998688219,0.041748763003845994,0.042837638140111205,26.67906332582658,1.2704315869441227,0.012720349148443647,33.673097287657434,61.47063618452399,0.010373207945750593,0.031231978584363357,0.050646904073668175,real10kg_smc_steady,real10kg_mpc_event,-1.0,-1.0,predictive_alpha_sspo,"{""post_step_13_20p9s"": 0.3, ""pre_step_3_10s"": 0.1, ""startup_0_3s"": 0.3, ""step_recovery_10_13s"": 0.1}",0.2,1.0,0.3817845235577,0.204519023391596,0.12752773567499215,0.0,transformer,16,True,2.5,1.0,0.75,real_10kg_v1,thruster,real_10kg_x,1.0,0.013968253968253968,0.039047619047619046,0.012720349148443647,0.0037065260362569605,0.004707306405379551,0.012500000000000011,0.00045123545851522695,0.0395034578922538,0.042837638140111205,,
predictive_alpha_sspo,step_change,3,20009,0.0,1.0,1.0,0.03,0.01,0.05557474197040277,1.0,1.0,1.0,0.043097989978317944,0.1692945904554458,0.04989752074182273,0.9050577895446769,0.041751156362858345,0.042839645072477124,26.706430909472264,1.271734805212965,0.013413632200618274,33.6525484403822,61.47385023674688,0.011624924164314519,0.045048408556656316,0.04989752074182273,real10kg_smc_steady,real10kg_mpc_event,-1.0,-1.0,predictive_alpha_sspo,"{""post_step_13_20p9s"": 0.3, ""pre_step_3_10s"": 0.1, ""startup_0_3s"": 0.3, ""step_recovery_10_13s"": 0.1}",0.2,1.0,0.3824259529974965,0.20508824173232076,0.12863914255263462,0.0,transformer,16,True,2.5,1.0,0.75,real_10kg_v1,thruster,real_10kg_x,1.0,0.013888888888888888,0.039047619047619046,0.013413632200618274,0.003790838493926571,0.004710644223876258,0.012500000000000011,0.0004761419256495405,0.03952685560065634,0.042839645072477124,,
