iteration,search_window,trial_bias,selected,schedule_json,score,overall_rmse,baseline_rmse,positive_window_regret,action_saturation_step_fraction,action_jerk_mean
0,initial,0.0,True,"{""post_step_13_20p9s"": 0.0, ""pre_step_3_10s"": 0.0, ""startup_0_3s"": 0.0, ""step_recovery_10_13s"": 0.0}",0.10802879681859204,0.08973819980486769,0.08973819980486764,0.9145298506862036,0.1277777777777778,0.0035007469598349796
1,startup_0_3s,-0.05,False,"{""post_step_13_20p9s"": 0.0, ""pre_step_3_10s"": 0.0, ""startup_0_3s"": -0.05, ""step_recovery_10_13s"": 0.0}",0.11842652002817768,0.09136413219938139,0.08973819980486764,0.9466362928113764,0.12761904761904763,0.0035331589843002787
1,startup_0_3s,0.0,False,"{""post_step_13_20p9s"": 0.0, ""pre_step_3_10s"": 0.0, ""startup_0_3s"": 0.0, ""step_recovery_10_13s"": 0.0}",0.10802879681859204,0.08973819980486769,0.08973819980486764,0.9145298506862036,0.1277777777777778,0.0035007469598349796
1,startup_0_3s,0.1,False,"{""post_step_13_20p9s"": 0.0, ""pre_step_3_10s"": 0.0, ""startup_0_3s"": 0.1, ""step_recovery_10_13s"": 0.0}",0.10450508369270804,0.08713996070116613,0.08973819980486764,0.8682561495770957,0.12984126984126984,0.003333668875913852
1,startup_0_3s,0.2,False,"{""post_step_13_20p9s"": 0.0, ""pre_step_3_10s"": 0.0, ""startup_0_3s"": 0.2, ""step_recovery_10_13s"": 0.0}",0.10330508220931614,0.08633387797717358,0.08973819980486764,0.8485602116071279,0.1343386243386243,0.003251178624020099
1,startup_0_3s,0.3,True,"{""post_step_13_20p9s"": 0.0, ""pre_step_3_10s"": 0.0, ""startup_0_3s"": 0.3, ""step_recovery_10_13s"": 0.0}",0.10259163732761879,0.0858441256297894,0.08973819980486764,0.83737558489147,0.13518518518518519,0.003191335605901942
1,pre_step_3_10s,-0.05,False,"{""post_step_13_20p9s"": 0.0, ""pre_step_3_10s"": -0.05, ""startup_0_3s"": 0.3, ""step_recovery_10_13s"": 0.0}",0.1047083616988603,0.08671345175886443,0.08973819980486764,0.8997454969997939,0.13238095238095238,0.003190335772499989
1,pre_step_3_10s,0.0,False,"{""post_step_13_20p9s"": 0.0, ""pre_step_3_10s"": 0.0, ""startup_0_3s"": 0.3, ""step_recovery_10_13s"": 0.0}",0.10259163732761879,0.0858441256297894,0.08973819980486764,0.83737558489147,0.13518518518518519,0.003191335605901942
1,pre_step_3_10s,0.1,True,"{""post_step_13_20p9s"": 0.0, ""pre_step_3_10s"": 0.1, ""startup_0_3s"": 0.3, ""step_recovery_10_13s"": 0.0}",0.09889533155275881,0.08471779805196647,0.08973819980486764,0.7088766750396172,0.1478306878306878,0.0030876119124383836
1,pre_step_3_10s,0.2,False,"{""post_step_13_20p9s"": 0.0, ""pre_step_3_10s"": 0.2, ""startup_0_3s"": 0.3, ""step_recovery_10_13s"": 0.0}",0.09947095370200706,0.08634942152184448,0.08973819980486764,0.6560766090081294,0.17285714285714288,0.002549174703222738
1,pre_step_3_10s,0.3,False,"{""post_step_13_20p9s"": 0.0, ""pre_step_3_10s"": 0.3, ""startup_0_3s"": 0.3, ""step_recovery_10_13s"": 0.0}",0.1689380569920575,0.10033934243143168,0.08973819980486764,0.7796500713902791,0.2147089947089947,0.002116781974103739
1,step_recovery_10_13s,-0.05,False,"{""post_step_13_20p9s"": 0.0, ""pre_step_3_10s"": 0.1, ""startup_0_3s"": 0.3, ""step_recovery_10_13s"": -0.05}",0.09938934731971465,0.08510420127986006,0.08973819980486764,0.7142573019927295,0.14777777777777779,0.003099017843177127
1,step_recovery_10_13s,0.0,False,"{""post_step_13_20p9s"": 0.0, ""pre_step_3_10s"": 0.1, ""startup_0_3s"": 0.3, ""step_recovery_10_13s"": 0.0}",0.09889533155275881,0.08471779805196647,0.08973819980486764,0.7088766750396172,0.1478306878306878,0.0030876119124383836
1,step_recovery_10_13s,0.1,True,"{""post_step_13_20p9s"": 0.0, ""pre_step_3_10s"": 0.1, ""startup_0_3s"": 0.3, ""step_recovery_10_13s"": 0.1}",0.0985135866499395,0.08440770918114285,0.08973819980486764,0.7052938734398325,0.14677248677248678,0.003025418966538826
1,step_recovery_10_13s,0.2,False,"{""post_step_13_20p9s"": 0.0, ""pre_step_3_10s"": 0.1, ""startup_0_3s"": 0.3, ""step_recovery_10_13s"": 0.2}",0.09857200124989907,0.08438578520147871,0.08973819980486764,0.7093108024210175,0.14523809523809525,0.0029765625297011686
1,step_recovery_10_13s,0.3,False,"{""post_step_13_20p9s"": 0.0, ""pre_step_3_10s"": 0.1, ""startup_0_3s"": 0.3, ""step_recovery_10_13s"": 0.3}",0.09909406108922515,0.08478737358030349,0.08973819980486764,0.7153343754460834,0.14534391534391533,0.002950427643940021
1,post_step_13_20p9s,-0.05,False,"{""post_step_13_20p9s"": -0.05, ""pre_step_3_10s"": 0.1, ""startup_0_3s"": 0.3, ""step_recovery_10_13s"": 0.1}",0.10047669357566535,0.08580792944397339,0.08973819980486764,0.7334382065845984,0.14534391534391533,0.003002901439855368
1,post_step_13_20p9s,0.0,False,"{""post_step_13_20p9s"": 0.0, ""pre_step_3_10s"": 0.1, ""startup_0_3s"": 0.3, ""step_recovery_10_13s"": 0.1}",0.0985135866499395,0.08440770918114285,0.08973819980486764,0.7052938734398325,0.14677248677248678,0.003025418966538826
1,post_step_13_20p9s,0.1,False,"{""post_step_13_20p9s"": 0.1, ""pre_step_3_10s"": 0.1, ""startup_0_3s"": 0.3, ""step_recovery_10_13s"": 0.1}",0.09528824966168396,0.08227770536907326,0.08973819980486764,0.6505272146305349,0.14772486772486776,0.0026088071609722432
1,post_step_13_20p9s,0.2,False,"{""post_step_13_20p9s"": 0.2, ""pre_step_3_10s"": 0.1, ""startup_0_3s"": 0.3, ""step_recovery_10_13s"": 0.1}",0.09047960073670387,0.0793299899722545,0.08973819980486764,0.5574805382224687,0.15010582010582013,0.0022333499251399923
1,post_step_13_20p9s,0.3,True,"{""post_step_13_20p9s"": 0.3, ""pre_step_3_10s"": 0.1, ""startup_0_3s"": 0.3, ""step_recovery_10_13s"": 0.1}",0.08418284137998289,0.07432761593858418,0.08973819980486764,0.4927612720699352,0.15407407407407409,0.0020871696481025875
