scenario,window,sspo_rmse_3d,formal_pac_rmse_3d,best_fixed_controller,best_fixed_rmse_3d,sspo_gain_vs_formal_pac_pct,sspo_gain_vs_best_fixed_pct,formal_pac_gain_vs_best_fixed_pct
constant,startup_0_3s,0.10728285311908367,0.12233663207628456,real10kg_mpc_event,0.08221716558420077,12.30520956945579,-30.487170600903863,-48.796946728838996
constant,pre_step_3_10s,0.046324411271118554,0.06748510750157195,real10kg_mpc_event,0.02012918419281597,31.35609768416016,-130.13556251152772,-235.26002273682377
constant,step_recovery_10_13s,0.2020367212803303,0.16614920577568298,real10kg_smc_steady,0.1388432769497278,-21.599570902011305,-45.51422706155479,-19.666727425226405
constant,post_step_13_20p9s,0.04696961450243574,0.08107212968132974,real10kg_mpc_event,0.07862925558615637,42.0644126569029,40.26445481100891,-3.1068259224413466
sinusoidal,startup_0_3s,0.10759800875718535,0.12733401010146875,real10kg_mpc_event,0.07944885265244996,15.499395117263923,-35.43053822045014,-60.27167901151832
sinusoidal,pre_step_3_10s,0.05395131288188615,0.07019166154096569,real10kg_smc_steady,0.10653557715564979,23.137148063664583,49.35840747071505,34.11434619778254
sinusoidal,step_recovery_10_13s,0.04392631843110749,0.05231783126520019,real10kg_smc_steady,0.06176414832334857,16.03948908271053,28.88055672500528,15.294175204513275
sinusoidal,post_step_13_20p9s,0.0713152734744676,0.09754881473965635,real10kg_mpc_event,0.12317833493443058,26.892731946771743,42.10404490982148,20.806840917615226
step_change,startup_0_3s,0.10728285311908367,0.12233663207628456,real10kg_mpc_event,0.08221716558420077,12.30520956945579,-30.487170600903863,-48.796946728838996
step_change,pre_step_3_10s,0.046324411271118554,0.06748510750157195,real10kg_mpc_event,0.02012918419281597,31.35609768416016,-130.13556251152772,-235.26002273682377
step_change,step_recovery_10_13s,0.023818446832925756,0.04125826226092989,real10kg_mpc_event,0.05112649035452961,42.26987389267487,53.412709012959795,19.30159497585273
step_change,post_step_13_20p9s,0.037672748640639665,0.07123867070708223,real10kg_mpc_event,0.012776957941478189,47.117558108935334,-194.84912459750367,-457.5558050153564
